dataset,k,rp_tr,rp_fro,rp_time,greedy_tr,greedy_fro,greedy_time,uniform_tr,uniform_fro,uniform_time,opt_tr,opt_fro
yolanda,10,0.5107524406838263,0.1311562327905209,0.06259799003601074,0.998999747723151,0.9999997227315996,0.03809237480163574,,,,,
yolanda,10,0.509886495182677,0.1330924126786097,0.06610655784606934,0.998999747723151,0.9999997227315996,0.012071847915649414,,,,,
yolanda,10,0.5369056181234475,0.16623447066182837,0.021275043487548828,0.998999747723151,0.9999997227315996,0.0266876220703125,,,,,
yolanda,10,0.47777366432904883,0.09174684787453292,0.03145027160644531,0.998999747723151,0.9999997227315996,0.028159379959106445,,,,,
yolanda,10,0.5120807110573069,0.1270426753868986,0.07203936576843262,0.998999747723151,0.9999997227315996,0.02431511878967285,,,,,
yolanda,10,0.5016717366464168,0.11293434348771256,0.03534388542175293,0.998999747723151,0.9999997227315996,0.0393526554107666,,,,,
yolanda,10,0.49119300143091443,0.09985592173598662,0.058930397033691406,0.998999747723151,0.9999997227315996,0.045026540756225586,,,,,
yolanda,10,0.4940492938149453,0.10268941091638213,0.05881476402282715,0.998999747723151,0.9999997227315996,0.03449726104736328,,,,,
yolanda,10,0.4883437478261272,0.10386496478234741,0.04885411262512207,0.998999747723151,0.9999997227315996,0.013989686965942383,,,,,
yolanda,10,0.5019519199273624,0.11574027807582715,0.020756959915161133,0.998999747723151,0.9999997227315996,0.07659578323364258,,,,,
yolanda,50,0.3709973790261346,0.048278876956149235,0.2878875732421875,0.990596550094117,0.9923156088732598,0.27370572090148926,,,,,
yolanda,50,0.3812011945922055,0.050978898367365924,0.11274576187133789,0.990596550094117,0.9923156088732598,0.07886314392089844,,,,,
yolanda,50,0.3687464370544888,0.04763234353325597,0.11099958419799805,0.990596550094117,0.9923156088732598,0.07397818565368652,,,,,
yolanda,50,0.38677394327877646,0.05417962277367576,0.15509295463562012,0.990596550094117,0.9923156088732598,0.0663449764251709,,,,,
yolanda,50,0.37707878771584674,0.04976985464435835,0.18917250633239746,0.990596550094117,0.9923156088732598,0.1182699203491211,,,,,
yolanda,50,0.37034471069306685,0.04775154427066672,0.4162170886993408,0.990596550094117,0.9923156088732598,0.2985661029815674,,,,,
yolanda,50,0.3780467360769476,0.05114749890325734,0.2004845142364502,0.990596550094117,0.9923156088732598,0.052220821380615234,,,,,
yolanda,50,0.37236274223050914,0.04797048403533368,0.14659571647644043,0.990596550094117,0.9923156088732598,0.05413317680358887,,,,,
yolanda,50,0.3902712741655443,0.05533142718736995,0.1843886375427246,0.990596550094117,0.9923156088732598,0.05206108093261719,,,,,
yolanda,50,0.3692963900053987,0.04709300950399427,0.18552470207214355,0.990596550094117,0.9923156088732598,0.052515506744384766,,,,,
yolanda,100,0.3218022890517129,0.03523357185115211,0.33376073837280273,0.9530466407363248,0.9348699876005476,0.10712718963623047,,,,,
yolanda,100,0.30918766821118193,0.03195995284886741,0.44819116592407227,0.9530466407363248,0.9348699876005476,0.20431256294250488,,,,,
yolanda,100,0.30849994104497414,0.03165609405252083,0.2818005084991455,0.9530466407363248,0.9348699876005476,0.3309769630432129,,,,,
yolanda,100,0.30914024566240456,0.03253340907755967,0.9087991714477539,0.9530466407363248,0.9348699876005476,0.24836158752441406,,,,,
yolanda,100,0.3105128456541629,0.03245865214362693,0.29906225204467773,0.9530466407363248,0.9348699876005476,0.1305828094482422,,,,,
yolanda,100,0.3164425214584075,0.033596849983151746,0.41361427307128906,0.9530466407363248,0.9348699876005476,0.2436079978942871,,,,,
yolanda,100,0.3088524864203218,0.03202613878894674,0.3451881408691406,0.9530466407363248,0.9348699876005476,0.5081033706665039,,,,,
yolanda,100,0.31076617396191847,0.03243294706780366,1.2461283206939697,0.9530466407363248,0.9348699876005476,0.2224118709564209,,,,,
yolanda,100,0.31281213749656067,0.03298987535754804,0.6536896228790283,0.9530466407363248,0.9348699876005476,0.3142993450164795,,,,,
yolanda,100,0.31220679698842957,0.032654062079407,0.7691295146942139,0.9530466407363248,0.9348699876005476,0.2506899833679199,,,,,
yolanda,200,0.25470640242685433,0.020040069961066838,2.3188750743865967,0.7080829569744339,0.5273989906867348,0.6134541034698486,,,,,
yolanda,200,0.2554341857762091,0.020177899604673304,0.9095916748046875,0.7080829569744339,0.5273989906867348,0.6794688701629639,,,,,
yolanda,200,0.2532586514381854,0.01960277371864096,0.7889256477355957,0.7080829569744339,0.5273989906867348,0.7158970832824707,,,,,
yolanda,200,0.25404208862047634,0.019892593929488844,1.5697948932647705,0.7080829569744339,0.5273989906867348,0.8056943416595459,,,,,
yolanda,200,0.2528594062503268,0.01968395564598263,2.6680922508239746,0.7080829569744339,0.5273989906867348,2.534353494644165,,,,,
yolanda,200,0.25643862789612143,0.02038584092556433,1.901078701019287,0.7080829569744339,0.5273989906867348,1.582711935043335,,,,,
yolanda,200,0.25779955357347756,0.020918604758729194,1.405134916305542,0.7080829569744339,0.5273989906867348,1.6943490505218506,,,,,
yolanda,200,0.24939374343085802,0.018739388395460244,1.3976123332977295,0.7080829569744339,0.5273989906867348,1.2628042697906494,,,,,
yolanda,200,0.2509794079321463,0.01897582349217795,1.0546040534973145,0.7080829569744339,0.5273989906867348,1.6122260093688965,,,,,
yolanda,200,0.2548635136120582,0.02003122539466986,2.1738247871398926,0.7080829569744339,0.5273989906867348,1.8048419952392578,,,,,
yolanda,300,0.2230730477888846,0.014451043519545638,2.6628775596618652,0.5590993470153295,0.3211259778766276,1.9555461406707764,,,,,
yolanda,300,0.22217430880735806,0.014267516472453548,2.750371217727661,0.5590993470153295,0.3211259778766276,4.771410703659058,,,,,
yolanda,300,0.22165497228967898,0.01401062799319957,4.064115047454834,0.5590993470153295,0.3211259778766276,2.87101149559021,,,,,
yolanda,300,0.22295231892216708,0.014421278039086572,2.394247531890869,0.5590993470153295,0.3211259778766276,3.0149242877960205,,,,,
yolanda,300,0.2252030281887154,0.01495867184943925,3.884512186050415,0.5590993470153295,0.3211259778766276,2.266512155532837,,,,,
yolanda,300,0.2239767862034972,0.014610308718812266,3.6449387073516846,0.5590993470153295,0.3211259778766276,2.14462947845459,,,,,
yolanda,300,0.2247303560317623,0.014788600157161711,2.5627424716949463,0.5590993470153295,0.3211259778766276,3.07084321975708,,,,,
yolanda,300,0.2216596395104376,0.014113878828710751,2.5297529697418213,0.5590993470153295,0.3211259778766276,2.914682149887085,,,,,
yolanda,300,0.2254169183043522,0.015029234125411198,3.216275453567505,0.5590993470153295,0.3211259778766276,3.9082818031311035,,,,,
yolanda,300,0.2222792095760952,0.014203089536974746,1.9224114418029785,0.5590993470153295,0.3211259778766276,1.8670167922973633,,,,,
yolanda,400,0.2024337320341598,0.011419604289475438,5.616528034210205,0.45483335988280704,0.20889016921883413,2.829523801803589,,,,,
yolanda,400,0.20246206911953465,0.011528694168570433,3.826137065887451,0.45483335988280704,0.20889016921883413,3.9037251472473145,,,,,
yolanda,400,0.2030418350319136,0.011555663376575452,4.359193563461304,0.45483335988280704,0.20889016921883413,4.575744390487671,,,,,
yolanda,400,0.2024693265911243,0.01144067462587579,4.336623907089233,0.45483335988280704,0.20889016921883413,5.896966457366943,,,,,
yolanda,400,0.20353379745230285,0.011754278444902067,4.842283248901367,0.45483335988280704,0.20889016921883413,5.376467704772949,,,,,
yolanda,400,0.2022390472320784,0.011393885845777094,3.9838249683380127,0.45483335988280704,0.20889016921883413,4.362377166748047,,,,,
yolanda,400,0.20453950375217245,0.012004607437136421,4.671501159667969,0.45483335988280704,0.20889016921883413,3.875969171524048,,,,,
yolanda,400,0.20235271491539464,0.011456692086953048,5.13971471786499,0.45483335988280704,0.20889016921883413,4.187268495559692,,,,,
yolanda,400,0.20217362365338146,0.011461775913392877,5.7325520515441895,0.45483335988280704,0.20889016921883413,2.33662748336792,,,,,
yolanda,400,0.20346319061865945,0.011746533511614327,3.56390643119812,0.45483335988280704,0.20889016921883413,5.016517639160156,,,,,
yolanda,500,0.1883819102691023,0.009995022380772848,5.154447793960571,0.3886643025495142,0.15374972855874988,6.698755741119385,,,,,
yolanda,500,0.18884046932777815,0.01002749399314429,6.365905523300171,0.3886643025495142,0.15374972855874988,6.4871625900268555,,,,,
yolanda,500,0.18871418921004396,0.010020183848569219,5.26675009727478,0.3886643025495142,0.15374972855874988,5.263900518417358,,,,,
yolanda,500,0.18748964054896036,0.009784914164355731,5.3377110958099365,0.3886643025495142,0.15374972855874988,6.514491081237793,,,,,
yolanda,500,0.18741174528764282,0.009771884546003267,4.899975061416626,0.3886643025495142,0.15374972855874988,4.656325817108154,,,,,
yolanda,500,0.18793293718373516,0.009953664581586084,7.716721057891846,0.3886643025495142,0.15374972855874988,5.7586939334869385,,,,,
yolanda,500,0.18813341062994435,0.009982422235362687,7.349296808242798,0.3886643025495142,0.15374972855874988,6.366531848907471,,,,,
yolanda,500,0.18807766967117523,0.009909589189381228,7.967768669128418,0.3886643025495142,0.15374972855874988,5.15289568901062,,,,,
yolanda,500,0.18806338483726395,0.009910129332604224,7.54628849029541,0.3886643025495142,0.15374972855874988,4.84987735748291,,,,,
yolanda,500,0.18716574738375474,0.009769105688894655,2.7954976558685303,0.3886643025495142,0.15374972855874988,2.7079412937164307,,,,,
yolanda,600,0.17522363947588454,0.008642348819089192,7.061668872833252,0.3390430154682154,0.11994936568135181,5.381670951843262,,,,,
yolanda,600,0.17553346632436873,0.008639459628956956,7.567570924758911,0.3390430154682154,0.11994936568135181,4.6965272426605225,,,,,
yolanda,600,0.1756811895271969,0.008647372059406461,9.300296306610107,0.3390430154682154,0.11994936568135181,7.018928527832031,,,,,
yolanda,600,0.175557056498116,0.00870805228557793,6.225598096847534,0.3390430154682154,0.11994936568135181,7.797352313995361,,,,,
yolanda,600,0.17546053130397332,0.008697781397859893,6.428539276123047,0.3390430154682154,0.11994936568135181,6.197709798812866,,,,,
yolanda,600,0.17528863771916087,0.008613189287617912,8.395033597946167,0.3390430154682154,0.11994936568135181,9.943889617919922,,,,,
yolanda,600,0.17578791140755518,0.00880520003491375,5.852841377258301,0.3390430154682154,0.11994936568135181,5.314926862716675,,,,,
yolanda,600,0.1755608342548351,0.008759147403798571,10.01500415802002,0.3390430154682154,0.11994936568135181,4.6440207958221436,,,,,
yolanda,600,0.1751508309501682,0.008634850005808383,7.178608655929565,0.3390430154682154,0.11994936568135181,10.082347869873047,,,,,
yolanda,600,0.1755482003532665,0.008704595948107914,9.101446151733398,0.3390430154682154,0.11994936568135181,8.550323724746704,,,,,
yolanda,700,0.16540039983048557,0.00791415930747145,8.709708452224731,0.2941731673800174,0.08898352159272542,5.937828063964844,,,,,
yolanda,700,0.16532332711458478,0.007824490653400707,9.807456493377686,0.2941731673800174,0.08898352159272542,12.961089134216309,,,,,
yolanda,700,0.1649021543068665,0.007922522360926096,11.729923486709595,0.2941731673800174,0.08898352159272542,10.052035570144653,,,,,
yolanda,700,0.16510231783532345,0.007965396506095746,9.260263442993164,0.2941731673800174,0.08898352159272542,8.964940071105957,,,,,
yolanda,700,0.16553064652670849,0.007927059805795538,10.86410927772522,0.2941731673800174,0.08898352159272542,9.542453527450562,,,,,
yolanda,700,0.16487922209643344,0.007875976173494021,9.452534437179565,0.2941731673800174,0.08898352159272542,11.621430397033691,,,,,
yolanda,700,0.16550037518957905,0.007955968319894298,8.97438383102417,0.2941731673800174,0.08898352159272542,8.329436302185059,,,,,
yolanda,700,0.16493897806027275,0.007841826975686837,10.077919006347656,0.2941731673800174,0.08898352159272542,7.070645332336426,,,,,
yolanda,700,0.16501862411882082,0.007800391863269275,7.660870552062988,0.2941731673800174,0.08898352159272542,7.167271614074707,,,,,
yolanda,700,0.1653318291430478,0.00782398230144197,8.928102254867554,0.2941731673800174,0.08898352159272542,7.923889875411987,,,,,
yolanda,800,0.1556741665746927,0.007188853445330258,10.09161901473999,0.2630557892929736,0.07481579072092429,9.130908727645874,,,,,
yolanda,800,0.15581933827164876,0.007233110239849306,10.975237131118774,0.2630557892929736,0.07481579072092429,10.214714050292969,,,,,
yolanda,800,0.1564824960577868,0.007272530301940162,10.612674713134766,0.2630557892929736,0.07481579072092429,9.10864520072937,,,,,
yolanda,800,0.1561327435040626,0.007136742766857383,9.241032361984253,0.2630557892929736,0.07481579072092429,8.43431282043457,,,,,
yolanda,800,0.1561742379201095,0.007301778838918625,12.147710084915161,0.2630557892929736,0.07481579072092429,10.067506790161133,,,,,
yolanda,800,0.15588953035412034,0.007273488950554703,10.217069625854492,0.2630557892929736,0.07481579072092429,10.563339710235596,,,,,
yolanda,800,0.1561321400637703,0.007295180374338981,8.796024799346924,0.2630557892929736,0.07481579072092429,10.64937448501587,,,,,
yolanda,800,0.15600127889841287,0.007267464719167194,11.402193069458008,0.2630557892929736,0.07481579072092429,10.558797597885132,,,,,
yolanda,800,0.155813760418052,0.007218777781872174,10.905872583389282,0.2630557892929736,0.07481579072092429,7.052078008651733,,,,,
yolanda,800,0.1563953898546956,0.007300631335089553,10.485496282577515,0.2630557892929736,0.07481579072092429,8.112162590026855,,,,,
yolanda,900,0.14773489950313345,0.006779908581598151,11.793198823928833,0.23369461913592054,0.060447604415898734,11.844779014587402,,,,,
yolanda,900,0.14817730856769676,0.006723519023411,11.072606563568115,0.23369461913592054,0.060447604415898734,11.319149732589722,,,,,
yolanda,900,0.1480520752240955,0.00674745895617109,10.359689235687256,0.23369461913592054,0.060447604415898734,10.440733194351196,,,,,
yolanda,900,0.1482639032205475,0.0066530692854884855,11.142537832260132,0.23369461913592054,0.060447604415898734,10.385656118392944,,,,,
yolanda,900,0.14803779590674862,0.006754049446441898,11.252593517303467,0.23369461913592054,0.060447604415898734,8.879467725753784,,,,,
yolanda,900,0.14795274549242182,0.0066693895743733,11.623846530914307,0.23369461913592054,0.060447604415898734,11.820956230163574,,,,,
yolanda,900,0.14743311842084034,0.006680392407823827,9.877798795700073,0.23369461913592054,0.060447604415898734,11.72646975517273,,,,,
yolanda,900,0.14831232427053434,0.0066991192333588235,11.79373288154602,0.23369461913592054,0.060447604415898734,12.633692502975464,,,,,
yolanda,900,0.14760417974862272,0.006640245268764929,11.23089051246643,0.23369461913592054,0.060447604415898734,11.189619064331055,,,,,
yolanda,900,0.14755582187535804,0.006757366175480969,10.90021538734436,0.23369461913592054,0.060447604415898734,12.106671333312988,,,,,
yolanda,1000,0.1405720664436653,0.0063206456364549085,14.036590814590454,0.20660987322480884,0.046351599329373896,13.782699346542358,,,,,
yolanda,1000,0.1406429294230881,0.006296349375806896,14.385704040527344,0.20660987322480884,0.046351599329373896,9.585494041442871,,,,,
yolanda,1000,0.14018423111093775,0.006315705923602562,14.761106491088867,0.20660987322480884,0.046351599329373896,9.65156888961792,,,,,
yolanda,1000,0.1405195201510758,0.006268825823260997,12.766438245773315,0.20660987322480884,0.046351599329373896,10.618022680282593,,,,,
yolanda,1000,0.14017851464795325,0.006280493965024691,11.516506433486938,0.20660987322480884,0.046351599329373896,11.340533018112183,,,,,
yolanda,1000,0.13929027114086945,0.006239495490887778,11.930737018585205,0.20660987322480884,0.046351599329373896,12.431312561035156,,,,,
yolanda,1000,0.1404863744782665,0.006285758760882896,12.574600219726562,0.20660987322480884,0.046351599329373896,10.81046175956726,,,,,
yolanda,1000,0.1407507260162143,0.00626612662187134,12.389226198196411,0.20660987322480884,0.046351599329373896,11.261132955551147,,,,,
yolanda,1000,0.14016099601231027,0.00627495602982637,12.258306980133057,0.20660987322480884,0.046351599329373896,11.580696821212769,,,,,
yolanda,1000,0.1402780662197886,0.0062826856186481575,11.618244409561157,0.20660987322480884,0.046351599329373896,14.172542095184326,,,,,
mnist_784,10,0.4734708002663825,0.12100753799658877,0.06261277198791504,0.9989999979923023,0.9999998332768292,0.07641863822937012,,,,,
mnist_784,10,0.4492322937807534,0.10964268949998274,0.08112025260925293,0.9989999979923023,0.9999998332768292,0.06147027015686035,,,,,
mnist_784,10,0.4438503512619694,0.09329271140622296,0.0664825439453125,0.9989999979923023,0.9999998332768292,0.14246344566345215,,,,,
mnist_784,10,0.44595039693313177,0.09443780539440698,0.054149627685546875,0.9989999979923023,0.9999998332768292,0.11666393280029297,,,,,
mnist_784,10,0.44938883586616446,0.09574786880717504,0.11182522773742676,0.9989999979923023,0.9999998332768292,0.07287263870239258,,,,,
mnist_784,10,0.4393096756391141,0.09021588906674387,0.07244014739990234,0.9989999979923023,0.9999998332768292,0.046571969985961914,,,,,
mnist_784,10,0.48799286817219617,0.14305601618813266,0.12436246871948242,0.9989999979923023,0.9999998332768292,0.09418392181396484,,,,,
mnist_784,10,0.44271064069849336,0.08918564316692562,0.057871341705322266,0.9989999979923023,0.9999998332768292,0.18655824661254883,,,,,
mnist_784,10,0.44202314213131777,0.09306107005969327,0.07531619071960449,0.9989999979923023,0.9999998332768292,0.09843087196350098,,,,,
mnist_784,10,0.46625557215570124,0.12068455550992584,0.12728238105773926,0.9989999979923023,0.9999998332768292,0.07311630249023438,,,,,
mnist_784,50,0.3236039622123301,0.0377304538316086,0.6783802509307861,0.9948800417735929,0.9999464261372255,0.418781042098999,,,,,
mnist_784,50,0.3293766436336202,0.03917521462411188,0.6199386119842529,0.9948800417735929,0.9999464261372255,0.3814389705657959,,,,,
mnist_784,50,0.33718201062839526,0.04436284869836011,0.261091947555542,0.9948800417735929,0.9999464261372255,0.170668363571167,,,,,
mnist_784,50,0.34189880770398745,0.04432275834228317,0.5951969623565674,0.9948800417735929,0.9999464261372255,0.5305044651031494,,,,,
mnist_784,50,0.33799612456874356,0.04356681322049493,0.7278451919555664,0.9948800417735929,0.9999464261372255,0.5065310001373291,,,,,
mnist_784,50,0.3273483180177896,0.038567122879202,0.472623348236084,0.9948800417735929,0.9999464261372255,0.5117835998535156,,,,,
mnist_784,50,0.34811058022071745,0.04741480088854428,0.3252723217010498,0.9948800417735929,0.9999464261372255,0.2570021152496338,,,,,
mnist_784,50,0.3270633228887439,0.038577754198187424,0.37721991539001465,0.9948800417735929,0.9999464261372255,0.31238794326782227,,,,,
mnist_784,50,0.333731515700747,0.04113828547708238,0.3765590190887451,0.9948800417735929,0.9999464261372255,0.44661712646484375,,,,,
mnist_784,50,0.33619730498219436,0.042618157101622665,0.5339725017547607,0.9948800417735929,0.9999464261372255,0.41492605209350586,,,,,
mnist_784,100,0.2803070225989699,0.027420171129363114,0.9148449897766113,0.9305374850287246,0.8969469794369505,0.4270777702331543,,,,,
mnist_784,100,0.27825539052014847,0.027178367328357756,1.082824468612671,0.9305374850287246,0.8969469794369505,0.5204942226409912,,,,,
mnist_784,100,0.27692448233864064,0.027085128677346765,1.093822956085205,0.9305374850287246,0.8969469794369505,1.1866252422332764,,,,,
mnist_784,100,0.27619200982465647,0.026626432309622094,0.9220435619354248,0.9305374850287246,0.8969469794369505,0.6310067176818848,,,,,
mnist_784,100,0.2725523294167896,0.025395553302881093,0.9752199649810791,0.9305374850287246,0.8969469794369505,1.0352978706359863,,,,,
mnist_784,100,0.2781987616724595,0.027102400475887207,1.121391773223877,0.9305374850287246,0.8969469794369505,1.0193054676055908,,,,,
mnist_784,100,0.2786540692909137,0.02759198576099122,1.088721513748169,0.9305374850287246,0.8969469794369505,0.848423957824707,,,,,
mnist_784,100,0.27679460696954317,0.027267001116855604,0.9153838157653809,0.9305374850287246,0.8969469794369505,0.834369421005249,,,,,
mnist_784,100,0.2733282190717372,0.025595432019499258,0.9714477062225342,0.9305374850287246,0.8969469794369505,0.6954116821289062,,,,,
mnist_784,100,0.2766592745901664,0.026688744630567304,0.9588286876678467,0.9305374850287246,0.8969469794369505,1.3058600425720215,,,,,
mnist_784,200,0.22228990973956478,0.016868138153498902,1.7598145008087158,0.5620135023997306,0.3034268138393751,1.8582372665405273,,,,,
mnist_784,200,0.2241291175340893,0.017027906730171422,2.9354803562164307,0.5620135023997306,0.3034268138393751,1.8986871242523193,,,,,
mnist_784,200,0.22189212890657592,0.01672397975995433,2.4723191261291504,0.5620135023997306,0.3034268138393751,3.1487481594085693,,,,,
mnist_784,200,0.2221977025725495,0.016865616769312114,1.9822142124176025,0.5620135023997306,0.3034268138393751,1.5995323657989502,,,,,
mnist_784,200,0.22054765188234052,0.016249171009233645,1.844203233718872,0.5620135023997306,0.3034268138393751,2.3191616535186768,,,,,
mnist_784,200,0.22169302891450485,0.01643652649765719,2.367260456085205,0.5620135023997306,0.3034268138393751,1.5027751922607422,,,,,
mnist_784,200,0.2282800384992265,0.017984351828974954,2.8190650939941406,0.5620135023997306,0.3034268138393751,2.554877281188965,,,,,
mnist_784,200,0.22419015908767365,0.01698178390520154,2.2045819759368896,0.5620135023997306,0.3034268138393751,1.5522489547729492,,,,,
mnist_784,200,0.2233449847660013,0.017144347884685922,1.4570014476776123,0.5620135023997306,0.3034268138393751,1.6996557712554932,,,,,
mnist_784,200,0.22317255980894238,0.017087774187618834,2.3950722217559814,0.5620135023997306,0.3034268138393751,1.9326322078704834,,,,,
mnist_784,300,0.1957025273080323,0.013499419621105875,2.5383636951446533,0.4374143557630281,0.16197403414855518,2.9042344093322754,,,,,
mnist_784,300,0.19328150032597902,0.01262716432799294,3.928805351257324,0.4374143557630281,0.16197403414855518,2.5749740600585938,,,,,
mnist_784,300,0.19325301187698055,0.012808322232575374,3.207045555114746,0.4374143557630281,0.16197403414855518,2.865623712539673,,,,,
mnist_784,300,0.1919854016736154,0.012409893802314097,4.982875108718872,0.4374143557630281,0.16197403414855518,2.7469253540039062,,,,,
mnist_784,300,0.19274115900858518,0.012513238861259613,3.8075430393218994,0.4374143557630281,0.16197403414855518,2.630232572555542,,,,,
mnist_784,300,0.1905400914894128,0.01208015689847979,3.823363780975342,0.4374143557630281,0.16197403414855518,3.470266103744507,,,,,
mnist_784,300,0.19086766495170432,0.012233769457990332,3.447523593902588,0.4374143557630281,0.16197403414855518,2.498743772506714,,,,,
mnist_784,300,0.1913533931600729,0.012361412166715137,2.882476806640625,0.4374143557630281,0.16197403414855518,3.5126590728759766,,,,,
mnist_784,300,0.1922984502553242,0.012521250299369194,3.9461443424224854,0.4374143557630281,0.16197403414855518,2.7871553897857666,,,,,
mnist_784,300,0.19326858159694119,0.012714325682149856,3.881814479827881,0.4374143557630281,0.16197403414855518,2.0054750442504883,,,,,
mnist_784,400,0.17086086210317802,0.009872363301703274,4.453205585479736,0.35072611936350256,0.09262405754684372,5.2538580894470215,,,,,
mnist_784,400,0.172482133964113,0.01030881224379598,4.978978395462036,0.35072611936350256,0.09262405754684372,3.9454054832458496,,,,,
mnist_784,400,0.17132806468097148,0.010055754449154982,4.513605356216431,0.35072611936350256,0.09262405754684372,4.465772867202759,,,,,
mnist_784,400,0.17237480040470868,0.010246303171428429,6.5347912311553955,0.35072611936350256,0.09262405754684372,5.686141729354858,,,,,
mnist_784,400,0.17133780424258463,0.01005299001547569,3.7087912559509277,0.35072611936350256,0.09262405754684372,4.08159613609314,,,,,
mnist_784,400,0.17213105999738956,0.010224400428797863,5.613302946090698,0.35072611936350256,0.09262405754684372,5.3780858516693115,,,,,
mnist_784,400,0.17109417799661084,0.010110388114379882,4.806405067443848,0.35072611936350256,0.09262405754684372,3.3256616592407227,,,,,
mnist_784,400,0.16969521257184278,0.00980262632217237,6.069911956787109,0.35072611936350256,0.09262405754684372,4.282142400741577,,,,,
mnist_784,400,0.17215792655126388,0.010206788994787575,5.525629281997681,0.35072611936350256,0.09262405754684372,3.4408493041992188,,,,,
mnist_784,400,0.171812578494042,0.010158032426426293,5.502580642700195,0.35072611936350256,0.09262405754684372,3.5386366844177246,,,,,
mnist_784,500,0.1560601466077087,0.008545722661836093,7.398602247238159,0.300999670097647,0.068278153737113,5.682832717895508,,,,,
mnist_784,500,0.1553572535664763,0.008461772523733573,6.544299125671387,0.300999670097647,0.068278153737113,7.234682559967041,,,,,
mnist_784,500,0.15812208051343257,0.008957914678299485,5.890120267868042,0.300999670097647,0.068278153737113,4.83408260345459,,,,,
mnist_784,500,0.15548940769114603,0.00849834524943382,7.3927836418151855,0.300999670097647,0.068278153737113,4.010225296020508,,,,,
mnist_784,500,0.15577708433765325,0.00842276582713167,8.830958366394043,0.300999670097647,0.068278153737113,6.362008094787598,,,,,
mnist_784,500,0.15488666920109526,0.008363565189444318,6.477572202682495,0.300999670097647,0.068278153737113,6.9023706912994385,,,,,
mnist_784,500,0.15552021122872556,0.008450536722828184,6.832286834716797,0.300999670097647,0.068278153737113,6.42667293548584,,,,,
mnist_784,500,0.15631674993270903,0.00873042151393954,6.0828845500946045,0.300999670097647,0.068278153737113,4.757930517196655,,,,,
mnist_784,500,0.15489959138444065,0.008407547618833347,6.07854700088501,0.300999670097647,0.068278153737113,5.287038326263428,,,,,
mnist_784,500,0.15521206637113122,0.00842919312010827,7.129839658737183,0.300999670097647,0.068278153737113,7.4482972621917725,,,,,
mnist_784,600,0.14302017307390313,0.007426674636573534,7.060102939605713,0.25879666188604533,0.04988140465806076,6.8769707679748535,,,,,
mnist_784,600,0.1438194787748178,0.0074730498736929685,6.426097869873047,0.25879666188604533,0.04988140465806076,5.420053243637085,,,,,
mnist_784,600,0.14316876182623378,0.0074771851204858695,9.178643226623535,0.25879666188604533,0.04988140465806076,6.668970108032227,,,,,
mnist_784,600,0.14357116619573154,0.00746127086223901,8.452927589416504,0.25879666188604533,0.04988140465806076,6.292064905166626,,,,,
mnist_784,600,0.1434330825059267,0.007393308401634929,7.394193649291992,0.25879666188604533,0.04988140465806076,7.629862070083618,,,,,
mnist_784,600,0.14276786662099017,0.00736547803788216,8.669068813323975,0.25879666188604533,0.04988140465806076,6.861139297485352,,,,,
mnist_784,600,0.14328542061099842,0.007394083848013391,9.311451435089111,0.25879666188604533,0.04988140465806076,7.098298072814941,,,,,
mnist_784,600,0.14256506407523656,0.007350034828460768,8.84373927116394,0.25879666188604533,0.04988140465806076,4.3357696533203125,,,,,
mnist_784,600,0.1432431642200786,0.007431145428686248,8.160502195358276,0.25879666188604533,0.04988140465806076,5.645572662353516,,,,,
mnist_784,600,0.1433901827162655,0.007317682201669931,5.553781986236572,0.25879666188604533,0.04988140465806076,5.116434574127197,,,,,
mnist_784,700,0.13205776433196212,0.006506992531518436,6.998314619064331,0.23036158149119046,0.04126564567787985,2.496532917022705,,,,,
mnist_784,700,0.13240544568995996,0.0065368696872377475,5.865294456481934,0.23036158149119046,0.04126564567787985,3.4316353797912598,,,,,
mnist_784,700,0.1326716254613892,0.006537580711071427,5.461277961730957,0.23036158149119046,0.04126564567787985,6.648597717285156,,,,,
mnist_784,700,0.13281888465000663,0.006624076865071092,3.982294797897339,0.23036158149119046,0.04126564567787985,3.553295612335205,,,,,
mnist_784,700,0.1327212069988458,0.00661088287084465,5.79913330078125,0.23036158149119046,0.04126564567787985,4.7968738079071045,,,,,
mnist_784,700,0.13198596783277172,0.006503479045613325,5.086517810821533,0.23036158149119046,0.04126564567787985,4.055174827575684,,,,,
mnist_784,700,0.1322190762750293,0.006544818238399624,4.632672548294067,0.23036158149119046,0.04126564567787985,5.140866279602051,,,,,
mnist_784,700,0.1326992669462955,0.006598220632379132,8.53696894645691,0.23036158149119046,0.04126564567787985,5.847972869873047,,,,,
mnist_784,700,0.1320759997945973,0.006544557108258021,7.936056137084961,0.23036158149119046,0.04126564567787985,9.262412309646606,,,,,
mnist_784,700,0.13284838366686177,0.0065627564097363094,7.215958595275879,0.23036158149119046,0.04126564567787985,7.836742162704468,,,,,
mnist_784,800,0.12404741660207479,0.005963220179354463,7.826397895812988,0.2060023675013736,0.033475881000232445,7.315150260925293,,,,,
mnist_784,800,0.12350430532736167,0.005892983946626734,6.146607398986816,0.2060023675013736,0.033475881000232445,6.164156198501587,,,,,
mnist_784,800,0.12383787089803397,0.005939453311261188,10.8666672706604,0.2060023675013736,0.033475881000232445,5.627304553985596,,,,,
mnist_784,800,0.12337960623293082,0.005914754910454952,6.694446563720703,0.2060023675013736,0.033475881000232445,6.722127437591553,,,,,
mnist_784,800,0.12348376098121434,0.00593104650458113,6.107045650482178,0.2060023675013736,0.033475881000232445,5.893503427505493,,,,,
mnist_784,800,0.1238264069789594,0.005916666664474069,5.9621663093566895,0.2060023675013736,0.033475881000232445,11.101635932922363,,,,,
mnist_784,800,0.1230760446157115,0.005928319429908118,8.255566835403442,0.2060023675013736,0.033475881000232445,7.12353777885437,,,,,
mnist_784,800,0.12262564512186883,0.005851801178582593,7.6391050815582275,0.2060023675013736,0.033475881000232445,5.908370494842529,,,,,
mnist_784,800,0.12365066261333693,0.005889677827581096,6.679230213165283,0.2060023675013736,0.033475881000232445,6.013799428939819,,,,,
mnist_784,800,0.12399271691648998,0.0059720251130261325,9.850427389144897,0.2060023675013736,0.033475881000232445,4.550134897232056,,,,,
mnist_784,900,0.11546971955174312,0.005317312633025827,9.071018695831299,0.1865228757424538,0.028880446102530728,7.2289416790008545,,,,,
mnist_784,900,0.11502703673708561,0.005303010130071796,6.021827459335327,0.1865228757424538,0.028880446102530728,4.604142904281616,,,,,
mnist_784,900,0.1154239104650525,0.00536249776754884,6.761904239654541,0.1865228757424538,0.028880446102530728,5.038965463638306,,,,,
mnist_784,900,0.11574512797226316,0.005377917390823449,8.969635248184204,0.1865228757424538,0.028880446102530728,7.493276834487915,,,,,
mnist_784,900,0.11534555257567176,0.005356219718411975,7.348195314407349,0.1865228757424538,0.028880446102530728,5.8310463428497314,,,,,
mnist_784,900,0.11509970609035813,0.005372921707857704,7.597017765045166,0.1865228757424538,0.028880446102530728,6.878689527511597,,,,,
mnist_784,900,0.11515625674725392,0.005369274347212946,7.48285436630249,0.1865228757424538,0.028880446102530728,6.398770093917847,,,,,
mnist_784,900,0.11545040626229122,0.005351123751043936,7.212128639221191,0.1865228757424538,0.028880446102530728,4.855074167251587,,,,,
mnist_784,900,0.11448436590502756,0.0052244454871235,6.319020509719849,0.1865228757424538,0.028880446102530728,7.190441846847534,,,,,
mnist_784,900,0.11583683665776043,0.005402666625295835,7.038150787353516,0.1865228757424538,0.028880446102530728,4.838150501251221,,,,,
mnist_784,1000,0.10820703552967925,0.004947649170915655,7.4297850131988525,0.16961570190263237,0.025289214473876706,8.272558450698853,,,,,
mnist_784,1000,0.10836934897599908,0.004875324355752612,7.483396291732788,0.16961570190263237,0.025289214473876706,7.634529113769531,,,,,
mnist_784,1000,0.10872305551152843,0.004942078335260717,8.283613681793213,0.16961570190263237,0.025289214473876706,6.840728998184204,,,,,
mnist_784,1000,0.10870488385273692,0.0049798988576291656,7.649006605148315,0.16961570190263237,0.025289214473876706,6.149492263793945,,,,,
mnist_784,1000,0.10798301053466103,0.0049059698850825225,8.641207933425903,0.16961570190263237,0.025289214473876706,6.872231960296631,,,,,
mnist_784,1000,0.10854837913843446,0.004967689213035748,7.8306050300598145,0.16961570190263237,0.025289214473876706,6.588181972503662,,,,,
mnist_784,1000,0.10815480312147963,0.004922049557551765,9.466535329818726,0.16961570190263237,0.025289214473876706,5.565775394439697,,,,,
mnist_784,1000,0.1076710880415193,0.004831293980689645,7.754271507263184,0.16961570190263237,0.025289214473876706,7.320132732391357,,,,,
mnist_784,1000,0.10779727833505728,0.004875228138847155,8.662735939025879,0.16961570190263237,0.025289214473876706,5.491469621658325,,,,,
mnist_784,1000,0.10838374819121609,0.004946495711253295,9.90937852859497,0.16961570190263237,0.025289214473876706,6.686838865280151,,,,,
jannis,10,0.5633551346819108,0.1724778687845454,0.058634042739868164,0.9984615470709403,0.9992359231560197,0.08219146728515625,,,,,
jannis,10,0.560279914438427,0.17092837672400477,0.03326845169067383,0.9984615470709403,0.9992359231560197,0.031526803970336914,,,,,
jannis,10,0.5810070111983292,0.207021661858201,0.032305002212524414,0.9984615470709403,0.9992359231560197,0.06012153625488281,,,,,
jannis,10,0.568304538446472,0.17452069535481335,0.034209489822387695,0.9984615470709403,0.9992359231560197,0.033460378646850586,,,,,
jannis,10,0.5604020580104916,0.1701013022018864,0.03410196304321289,0.9984615470709403,0.9992359231560197,0.015450716018676758,,,,,
jannis,10,0.5717429076286792,0.18935871101589916,0.057878971099853516,0.9984615470709403,0.9992359231560197,0.04335951805114746,,,,,
jannis,10,0.5518406410375472,0.16255609733521184,0.05325770378112793,0.9984615470709403,0.9992359231560197,0.02663874626159668,,,,,
jannis,10,0.5562480886556973,0.16707972245030114,0.04358720779418945,0.9984615470709403,0.9992359231560197,0.013434171676635742,,,,,
jannis,10,0.5604471492629723,0.17176188657065175,0.020311594009399414,0.9984615470709403,0.9992359231560197,0.023219585418701172,,,,,
jannis,10,0.5673437380702907,0.18235727853625625,0.02261805534362793,0.9984615470709403,0.9992359231560197,0.03164196014404297,,,,,
jannis,50,0.3825485003265655,0.07511013259606533,0.4309086799621582,0.6824956054634244,0.393411897225812,0.38963818550109863,,,,,
jannis,50,0.37580808124875476,0.07200946365248188,0.28984808921813965,0.6824956054634244,0.393411897225812,0.1025080680847168,,,,,
jannis,50,0.38740842719891705,0.0771680724975779,0.44245481491088867,0.6824956054634244,0.393411897225812,0.3091855049133301,,,,,
jannis,50,0.38597467210680714,0.07521404848176112,0.2201826572418213,0.6824956054634244,0.393411897225812,0.1484665870666504,,,,,
jannis,50,0.3768097562464912,0.07294874714390262,0.22371864318847656,0.6824956054634244,0.393411897225812,0.2054293155670166,,,,,
jannis,50,0.37779555868125525,0.07193070892639016,0.5125570297241211,0.6824956054634244,0.393411897225812,0.1611640453338623,,,,,
jannis,50,0.3859021475850889,0.07930046867950584,0.2602834701538086,0.6824956054634244,0.393411897225812,0.1692051887512207,,,,,
jannis,50,0.37927141600892106,0.07385735004334179,0.3285343647003174,0.6824956054634244,0.393411897225812,0.2603902816772461,,,,,
jannis,50,0.37397005841141734,0.07048036387976156,0.4381234645843506,0.6824956054634244,0.393411897225812,0.6096034049987793,,,,,
jannis,50,0.37768115697845894,0.07213689474299016,0.4358363151550293,0.6824956054634244,0.393411897225812,0.16072845458984375,,,,,
jannis,100,0.2963170947781169,0.04276385145960242,0.95723557472229,0.5015461165845397,0.16974951433806773,0.7342796325683594,,,,,
jannis,100,0.29670916888242066,0.04269828324639932,0.7094500064849854,0.5015461165845397,0.16974951433806773,0.3207211494445801,,,,,
jannis,100,0.2984430247942052,0.04357645623768494,0.720726490020752,0.5015461165845397,0.16974951433806773,2.0789756774902344,,,,,
jannis,100,0.2945476219063141,0.04247021216436632,0.4261486530303955,0.5015461165845397,0.16974951433806773,0.5358271598815918,,,,,
jannis,100,0.29406295251025644,0.04177035432954215,0.9181230068206787,0.5015461165845397,0.16974951433806773,0.582000732421875,,,,,
jannis,100,0.2935612795559303,0.04189211842198413,0.9029805660247803,0.5015461165845397,0.16974951433806773,0.6757104396820068,,,,,
jannis,100,0.2985120824756538,0.04355170584521689,0.9217147827148438,0.5015461165845397,0.16974951433806773,0.3414626121520996,,,,,
jannis,100,0.3035064916174666,0.0461327612058965,0.4093661308288574,0.5015461165845397,0.16974951433806773,0.2729825973510742,,,,,
jannis,100,0.28898539441967863,0.03964984970581571,0.5438108444213867,0.5015461165845397,0.16974951433806773,0.310563325881958,,,,,
jannis,100,0.2998588805033064,0.044599633366971064,0.6144905090332031,0.5015461165845397,0.16974951433806773,0.4283781051635742,,,,,
jannis,200,0.227662291103686,0.02310245011928524,1.3542120456695557,0.35991819784851076,0.08280380425125243,1.0173091888427734,,,,,
jannis,200,0.2291252514919933,0.023324863644709374,1.4592015743255615,0.35991819784851076,0.08280380425125243,1.282745122909546,,,,,
jannis,200,0.2310480395605588,0.023973337688386588,1.1972730159759521,0.35991819784851076,0.08280380425125243,2.5858354568481445,,,,,
jannis,200,0.23117340480574886,0.024020174568983674,1.891451120376587,0.35991819784851076,0.08280380425125243,0.8379881381988525,,,,,
jannis,200,0.23077352474374438,0.023948303681755535,1.5350561141967773,0.35991819784851076,0.08280380425125243,1.0148577690124512,,,,,
jannis,200,0.22867855840871293,0.023485679040013623,1.4645962715148926,0.35991819784851076,0.08280380425125243,1.183974027633667,,,,,
jannis,200,0.22936891693358935,0.023664588119183694,1.1155612468719482,0.35991819784851076,0.08280380425125243,0.5481667518615723,,,,,
jannis,200,0.2282207358841636,0.02336259612566527,1.4467966556549072,0.35991819784851076,0.08280380425125243,0.9352049827575684,,,,,
jannis,200,0.22802895693283567,0.02324458154089316,0.9470691680908203,0.35991819784851076,0.08280380425125243,0.9985446929931641,,,,,
jannis,200,0.22646841781602825,0.02270604890172259,1.6207025051116943,0.35991819784851076,0.08280380425125243,1.2555477619171143,,,,,
jannis,300,0.1967413941044737,0.017016918340766508,2.6214523315429688,0.2874161743172937,0.05306774024172466,1.2434234619140625,,,,,
jannis,300,0.19595158271019203,0.016692792238217517,1.8144431114196777,0.2874161743172937,0.05306774024172466,1.4180967807769775,,,,,
jannis,300,0.1970242476133044,0.016992842502105476,2.3081398010253906,0.2874161743172937,0.05306774024172466,1.6575133800506592,,,,,
jannis,300,0.19834009578067585,0.017481141152699078,2.5685317516326904,0.2874161743172937,0.05306774024172466,2.015324831008911,,,,,
jannis,300,0.1965233181024108,0.016900324107720768,2.128061294555664,0.2874161743172937,0.05306774024172466,1.5566742420196533,,,,,
jannis,300,0.1963886107712432,0.016814645921574303,2.031723737716675,0.2874161743172937,0.05306774024172466,1.9057493209838867,,,,,
jannis,300,0.1963992401134403,0.016877449182564192,1.5642530918121338,0.2874161743172937,0.05306774024172466,1.128678798675537,,,,,
jannis,300,0.19696672009763092,0.017135856383486376,2.1825344562530518,0.2874161743172937,0.05306774024172466,1.5525484085083008,,,,,
jannis,300,0.1960693094714104,0.016717231302055255,2.7545738220214844,0.2874161743172937,0.05306774024172466,1.7168169021606445,,,,,
jannis,300,0.19587060155516073,0.0168322302785092,3.3272006511688232,0.2874161743172937,0.05306774024172466,2.5553696155548096,,,,,
jannis,400,0.17495213799434192,0.013557328176302999,2.367184638977051,0.24095232828483726,0.037156534059066194,2.592958450317383,,,,,
jannis,400,0.1748228330413195,0.013549403338950394,2.54107403755188,0.24095232828483726,0.037156534059066194,3.6192221641540527,,,,,
jannis,400,0.17511737322375676,0.013644292587313398,4.559453964233398,0.24095232828483726,0.037156534059066194,2.4348208904266357,,,,,
jannis,400,0.1742188718258988,0.013435478576726997,1.6238205432891846,0.24095232828483726,0.037156534059066194,2.201676368713379,,,,,
jannis,400,0.1749268834066683,0.013573485207173514,2.8646066188812256,0.24095232828483726,0.037156534059066194,2.2576897144317627,,,,,
jannis,400,0.17396000847765136,0.013338227351330835,3.3815510272979736,0.24095232828483726,0.037156534059066194,2.1634411811828613,,,,,
jannis,400,0.17485952657099565,0.013567316898828459,3.499978542327881,0.24095232828483726,0.037156534059066194,3.5648162364959717,,,,,
jannis,400,0.1740523761541219,0.013351615935338061,3.0740010738372803,0.24095232828483726,0.037156534059066194,2.541013479232788,,,,,
jannis,400,0.1754304825570834,0.013631066417556416,2.2668185234069824,0.24095232828483726,0.037156534059066194,2.7570745944976807,,,,,
jannis,400,0.17405064272897292,0.013339208242074987,3.0732500553131104,0.24095232828483726,0.037156534059066194,2.463742971420288,,,,,
jannis,500,0.15785182046423635,0.011297793168156232,4.958383083343506,0.20884384754008115,0.028141481071832935,2.8484790325164795,,,,,
jannis,500,0.15775183537051424,0.011301122960662385,2.5713939666748047,0.20884384754008115,0.028141481071832935,2.5109760761260986,,,,,
jannis,500,0.15860850922938605,0.011495641672510099,3.821308135986328,0.20884384754008115,0.028141481071832935,1.8547937870025635,,,,,
jannis,500,0.15871598953855595,0.011437813347058111,4.23103141784668,0.20884384754008115,0.028141481071832935,3.5511622428894043,,,,,
jannis,500,0.15847954319804244,0.011500128507905036,3.060415029525757,0.20884384754008115,0.028141481071832935,2.1644341945648193,,,,,
jannis,500,0.1578036979774311,0.011304743749426398,3.2405731678009033,0.20884384754008115,0.028141481071832935,3.1048431396484375,,,,,
jannis,500,0.15816596473069947,0.011380444559382585,4.66845965385437,0.20884384754008115,0.028141481071832935,4.6672608852386475,,,,,
jannis,500,0.1574399074296055,0.011244170575784453,3.0796539783477783,0.20884384754008115,0.028141481071832935,2.099613904953003,,,,,
jannis,500,0.15834503228572014,0.011436010735278819,3.8848178386688232,0.20884384754008115,0.028141481071832935,3.0681722164154053,,,,,
jannis,500,0.15804504459578467,0.011341111554520944,3.6489245891571045,0.20884384754008115,0.028141481071832935,1.4824161529541016,,,,,
jannis,600,0.14524197950202725,0.009965597410445079,5.770781517028809,0.18564998270395083,0.02266871339525505,2.904500961303711,,,,,
jannis,600,0.14521798273901046,0.009974005990838303,3.8192648887634277,0.18564998270395083,0.02266871339525505,3.1591484546661377,,,,,
jannis,600,0.14464852295951885,0.009843982383082466,6.922781705856323,0.18564998270395083,0.02266871339525505,3.116591453552246,,,,,
jannis,600,0.1446180025420092,0.009838876260306894,4.69052529335022,0.18564998270395083,0.02266871339525505,2.7110562324523926,,,,,
jannis,600,0.14556253139953218,0.010056192955144923,4.569429636001587,0.18564998270395083,0.02266871339525505,2.63612961769104,,,,,
jannis,600,0.14477452417267356,0.009887290959776326,6.7525794506073,0.18564998270395083,0.02266871339525505,5.388551235198975,,,,,
jannis,600,0.14536759935496196,0.00997893598624314,7.873963356018066,0.18564998270395083,0.02266871339525505,5.0628650188446045,,,,,
jannis,600,0.1453876904173317,0.009968152305092197,10.8338623046875,0.18564998270395083,0.02266871339525505,4.531095266342163,,,,,
jannis,600,0.14555228780911875,0.010024066174044402,4.302140235900879,0.18564998270395083,0.02266871339525505,3.21415638923645,,,,,
jannis,600,0.14559209345820104,0.010025201048636474,4.996858835220337,0.18564998270395083,0.02266871339525505,5.943454027175903,,,,,
jannis,700,0.1341576091068508,0.008792406753717877,7.746469259262085,0.1667690747927943,0.01875579971730664,6.130244016647339,,,,,
jannis,700,0.1337173993257082,0.008742792062696575,10.496949195861816,0.1667690747927943,0.01875579971730664,7.59321928024292,,,,,
jannis,700,0.13377850266783134,0.008755852440670127,5.1620635986328125,0.1667690747927943,0.01875579971730664,5.244632959365845,,,,,
jannis,700,0.13437606145716863,0.008887249440503456,6.766917705535889,0.1667690747927943,0.01875579971730664,4.525045394897461,,,,,
jannis,700,0.13362585855461048,0.00871738286869064,5.577346324920654,0.1667690747927943,0.01875579971730664,3.3918776512145996,,,,,
jannis,700,0.13357359176522035,0.008736033646975552,3.7546095848083496,0.1667690747927943,0.01875579971730664,3.793938636779785,,,,,
jannis,700,0.13403070914899767,0.008809179113116055,6.142378091812134,0.1667690747927943,0.01875579971730664,4.5248003005981445,,,,,
jannis,700,0.13396113730100093,0.00874869944764843,6.760261535644531,0.1667690747927943,0.01875579971730664,3.4815921783447266,,,,,
jannis,700,0.13391844726015756,0.008823367562508672,5.380921840667725,0.1667690747927943,0.01875579971730664,4.692844390869141,,,,,
jannis,700,0.13386634628264668,0.008790125793690819,5.422302961349487,0.1667690747927943,0.01875579971730664,4.43337869644165,,,,,
jannis,800,0.12439764569089456,0.007903526823803703,5.52804970741272,0.15095128406461053,0.015586841616119895,6.8462440967559814,,,,,
jannis,800,0.12457789436228565,0.007907375875753036,8.022270202636719,0.15095128406461053,0.015586841616119895,5.761598825454712,,,,,
jannis,800,0.1246887339190956,0.007935846682437232,6.341393947601318,0.15095128406461053,0.015586841616119895,4.939358234405518,,,,,
jannis,800,0.12423146244234444,0.007884144085159117,4.572521924972534,0.15095128406461053,0.015586841616119895,5.623721361160278,,,,,
jannis,800,0.12415443052832163,0.007838093492494643,6.4955735206604,0.15095128406461053,0.015586841616119895,6.241851568222046,,,,,
jannis,800,0.12407990629211588,0.007817463945048444,5.095657825469971,0.15095128406461053,0.015586841616119895,3.4480042457580566,,,,,
jannis,800,0.12413115515347704,0.0077973172537683455,5.957553148269653,0.15095128406461053,0.015586841616119895,4.532644271850586,,,,,
jannis,800,0.12455219976127906,0.007916268257515076,5.994165658950806,0.15095128406461053,0.015586841616119895,2.8425917625427246,,,,,
jannis,800,0.12454041786217925,0.007907787479892545,5.781062602996826,0.15095128406461053,0.015586841616119895,3.182844877243042,,,,,
jannis,800,0.1245287000646842,0.007936284509355584,5.723597049713135,0.15095128406461053,0.015586841616119895,6.264690637588501,,,,,
jannis,900,0.11582326556999974,0.007068892024329493,6.734966278076172,0.13761101070952203,0.013188377520777528,5.999815940856934,,,,,
jannis,900,0.11617214177893345,0.007158388976108162,6.494901418685913,0.13761101070952203,0.013188377520777528,5.417588233947754,,,,,
jannis,900,0.11587411107641811,0.007131422421284011,6.252936124801636,0.13761101070952203,0.013188377520777528,5.874687910079956,,,,,
jannis,900,0.11604404890760027,0.0071384959345262965,6.317600727081299,0.13761101070952203,0.013188377520777528,3.744468927383423,,,,,
jannis,900,0.11639551307064078,0.007173759053218052,6.210429668426514,0.13761101070952203,0.013188377520777528,3.3700313568115234,,,,,
jannis,900,0.11632995027272108,0.007174679175342655,5.538886785507202,0.13761101070952203,0.013188377520777528,5.305749416351318,,,,,
jannis,900,0.11607257887512722,0.007169180293054978,8.589941263198853,0.13761101070952203,0.013188377520777528,4.260712385177612,,,,,
jannis,900,0.11604119675876473,0.007169665892631175,7.56417989730835,0.13761101070952203,0.013188377520777528,5.32512640953064,,,,,
jannis,900,0.1161371760079408,0.00714127740617541,9.469221115112305,0.13761101070952203,0.013188377520777528,2.7278475761413574,,,,,
jannis,900,0.11617935767653298,0.007146113182889583,5.918364763259888,0.13761101070952203,0.013188377520777528,5.102083206176758,,,,,
jannis,1000,0.10860035249770192,0.00651605499243257,8.432673215866089,0.12690906630568452,0.011601896393602176,4.91786527633667,,,,,
jannis,1000,0.10878577118585897,0.006573825761493,7.607648134231567,0.12690906630568452,0.011601896393602176,6.655308485031128,,,,,
jannis,1000,0.10838312089608484,0.006478658106038361,7.6534271240234375,0.12690906630568452,0.011601896393602176,6.016303300857544,,,,,
jannis,1000,0.10872046616943094,0.0065217683563776096,6.831723928451538,0.12690906630568452,0.011601896393602176,5.397660732269287,,,,,
jannis,1000,0.10879623602464067,0.006544694561522436,9.584895610809326,0.12690906630568452,0.011601896393602176,3.7858457565307617,,,,,
jannis,1000,0.1086965454647215,0.006529546168566769,8.696565866470337,0.12690906630568452,0.011601896393602176,6.830659866333008,,,,,
jannis,1000,0.10811381492566392,0.006438453925850383,9.09603500366211,0.12690906630568452,0.011601896393602176,3.963315963745117,,,,,
jannis,1000,0.10890787398045358,0.006555413913640147,7.499366760253906,0.12690906630568452,0.011601896393602176,5.894997835159302,,,,,
jannis,1000,0.10880757754684586,0.006545369532993946,8.318487882614136,0.12690906630568452,0.011601896393602176,7.4683544635772705,,,,,
jannis,1000,0.1087152665197798,0.006540803213042526,8.184967994689941,0.12690906630568452,0.011601896393602176,5.164992094039917,,,,,
volkert,10,0.40196279007386115,0.1344791658959408,0.05514693260192871,0.9883275358175965,0.9874758549126065,0.04931783676147461,,,,,
volkert,10,0.39187873387886485,0.11811289570336582,0.04850268363952637,0.9883275358175965,0.9874758549126065,0.01072239875793457,,,,,
volkert,10,0.3634478341039058,0.09553785857423601,0.06966781616210938,0.9883275358175965,0.9874758549126065,0.05537843704223633,,,,,
volkert,10,0.3734193299802973,0.10735716705150276,0.04037952423095703,0.9883275358175965,0.9874758549126065,0.04382514953613281,,,,,
volkert,10,0.3674614538888999,0.09767746000430169,0.039084672927856445,0.9883275358175965,0.9874758549126065,0.015099525451660156,,,,,
volkert,10,0.38881622486076145,0.11859165561789675,0.09138321876525879,0.9883275358175965,0.9874758549126065,0.033067941665649414,,,,,
volkert,10,0.3672289198881291,0.09636201286360258,0.04169106483459473,0.9883275358175965,0.9874758549126065,0.05135846138000488,,,,,
volkert,10,0.3695826325044482,0.09861740743017818,0.05199122428894043,0.9883275358175965,0.9874758549126065,0.01860809326171875,,,,,
volkert,10,0.3786230657201575,0.10121759244572293,0.025322675704956055,0.9883275358175965,0.9874758549126065,0.01143026351928711,,,,,
volkert,10,0.37983479415722754,0.11433585168755175,0.025970458984375,0.9883275358175965,0.9874758549126065,0.015024185180664062,,,,,
volkert,50,0.2301930640941097,0.034958548509179524,0.44354701042175293,0.6505964525975254,0.533468055728661,0.2299203872680664,,,,,
volkert,50,0.2352065946189723,0.03715248774177204,0.31420016288757324,0.6505964525975254,0.533468055728661,0.18211793899536133,,,,,
volkert,50,0.23085561972327281,0.0352433386255075,0.13458561897277832,0.6505964525975254,0.533468055728661,0.10102200508117676,,,,,
volkert,50,0.228711336727436,0.03365801386431874,0.12337541580200195,0.6505964525975254,0.533468055728661,0.057900428771972656,,,,,
volkert,50,0.23829089127475303,0.03954733234340074,0.17424631118774414,0.6505964525975254,0.533468055728661,0.1839005947113037,,,,,
volkert,50,0.2277715525971412,0.03350422312136037,0.3007683753967285,0.6505964525975254,0.533468055728661,0.12599825859069824,,,,,
volkert,50,0.23799277911818836,0.03708940658325056,0.1629047393798828,0.6505964525975254,0.533468055728661,0.08391857147216797,,,,,
volkert,50,0.23014805250159465,0.035260123250872424,0.13170719146728516,0.6505964525975254,0.533468055728661,0.19450879096984863,,,,,
volkert,50,0.23886234677156098,0.03801399564307227,0.21320819854736328,0.6505964525975254,0.533468055728661,0.16919541358947754,,,,,
volkert,50,0.23368564052179214,0.03627894966241006,0.2520463466644287,0.6505964525975254,0.533468055728661,0.22838473320007324,,,,,
volkert,100,0.176655754864137,0.02158488182164202,1.305804967880249,0.4221025693617592,0.26902745076955875,0.20882105827331543,,,,,
volkert,100,0.1777018297657447,0.021726737879170423,0.3328380584716797,0.4221025693617592,0.26902745076955875,0.18445086479187012,,,,,
volkert,100,0.1736491436119526,0.020628930042741453,0.5874056816101074,0.4221025693617592,0.26902745076955875,0.7488465309143066,,,,,
volkert,100,0.17538208562329347,0.020910511665607392,0.7053165435791016,0.4221025693617592,0.26902745076955875,0.39366650581359863,,,,,
volkert,100,0.17474140796784612,0.02089167088766094,0.6704483032226562,0.4221025693617592,0.26902745076955875,1.0391285419464111,,,,,
volkert,100,0.1734778625629878,0.02050874421820043,0.42197465896606445,0.4221025693617592,0.26902745076955875,0.3446383476257324,,,,,
volkert,100,0.17406180630725984,0.020571045684620065,0.665123701095581,0.4221025693617592,0.26902745076955875,0.31403303146362305,,,,,
volkert,100,0.17735221879265597,0.021169303546700227,0.3692200183868408,0.4221025693617592,0.26902745076955875,0.4414329528808594,,,,,
volkert,100,0.17784557748732835,0.021581904734004523,0.6717870235443115,0.4221025693617592,0.26902745076955875,0.5002264976501465,,,,,
volkert,100,0.17811924499065973,0.021827987615755017,0.4171922206878662,0.4221025693617592,0.26902745076955875,0.28930139541625977,,,,,
volkert,200,0.12646182395799516,0.011983729915007565,1.5082201957702637,0.25504164441678584,0.10608447697171071,0.580045223236084,,,,,
volkert,200,0.1238695761850715,0.011547946041711554,0.9895079135894775,0.25504164441678584,0.10608447697171071,0.6266000270843506,,,,,
volkert,200,0.12526322936864745,0.011853358133955069,0.7364957332611084,0.25504164441678584,0.10608447697171071,1.3751492500305176,,,,,
volkert,200,0.1253770882097521,0.011848433353618603,1.0537855625152588,0.25504164441678584,0.10608447697171071,0.45142269134521484,,,,,
volkert,200,0.12536329581405073,0.011931149344521599,1.0898160934448242,0.25504164441678584,0.10608447697171071,0.5014748573303223,,,,,
volkert,200,0.12321514857820057,0.01139847359699457,0.7654516696929932,0.25504164441678584,0.10608447697171071,2.0842556953430176,,,,,
volkert,200,0.12630322472587596,0.01192216876095635,1.558718204498291,0.25504164441678584,0.10608447697171071,0.5554440021514893,,,,,
volkert,200,0.1277518320615759,0.012406922442797196,0.9161686897277832,0.25504164441678584,0.10608447697171071,0.5958800315856934,,,,,
volkert,200,0.12843027823327924,0.012477454594691172,1.1476809978485107,0.25504164441678584,0.10608447697171071,0.6690504550933838,,,,,
volkert,200,0.1253744909458793,0.011615524709222494,1.4029557704925537,0.25504164441678584,0.10608447697171071,1.26190185546875,,,,,
volkert,300,0.09759436367459891,0.007675720415177314,1.2889072895050049,0.189466389274078,0.06401244771577397,1.168006420135498,,,,,
volkert,300,0.09996532671655242,0.00815831505273766,1.1506283283233643,0.189466389274078,0.06401244771577397,1.4084525108337402,,,,,
volkert,300,0.09891114421340633,0.007867747153382502,1.787285327911377,0.189466389274078,0.06401244771577397,2.1384336948394775,,,,,
volkert,300,0.0991363771430234,0.007985273935298557,1.6153969764709473,0.189466389274078,0.06401244771577397,0.7399744987487793,,,,,
volkert,300,0.10065110203118828,0.008345109190865254,1.2638835906982422,0.189466389274078,0.06401244771577397,1.0289840698242188,,,,,
volkert,300,0.09902144560913291,0.008044258875805347,1.4675195217132568,0.189466389274078,0.06401244771577397,0.7833898067474365,,,,,
volkert,300,0.10123187303180749,0.008502968083536629,2.107628345489502,0.189466389274078,0.06401244771577397,0.7064228057861328,,,,,
volkert,300,0.10017333030165809,0.008291510211319044,1.3202025890350342,0.189466389274078,0.06401244771577397,0.8995883464813232,,,,,
volkert,300,0.09943641952416128,0.008051896298568948,1.0668690204620361,0.189466389274078,0.06401244771577397,0.9706385135650635,,,,,
volkert,300,0.10040989288536757,0.008219933009035549,1.9617431163787842,0.189466389274078,0.06401244771577397,1.7463178634643555,,,,,
volkert,400,0.08334358617929184,0.0060154869655463065,2.6755874156951904,0.14723201678316705,0.03873266895802447,1.8409879207611084,,,,,
volkert,400,0.08270239386259289,0.005918685304467969,2.834347724914551,0.14723201678316705,0.03873266895802447,1.342067003250122,,,,,
volkert,400,0.08300693820847573,0.006012617557589239,3.0567264556884766,0.14723201678316705,0.03873266895802447,1.4822125434875488,,,,,
volkert,400,0.08312969365043771,0.006118538475833017,1.9084370136260986,0.14723201678316705,0.03873266895802447,2.3317482471466064,,,,,
volkert,400,0.08378387416224924,0.006052681042819643,2.6784353256225586,0.14723201678316705,0.03873266895802447,1.5139224529266357,,,,,
volkert,400,0.08368397474093547,0.006069283472274814,2.116360902786255,0.14723201678316705,0.03873266895802447,1.3981995582580566,,,,,
volkert,400,0.08321045261381146,0.0060078216421897805,1.4737868309020996,0.14723201678316705,0.03873266895802447,1.148197889328003,,,,,
volkert,400,0.08350188203594351,0.0062377431213412535,4.229398012161255,0.14723201678316705,0.03873266895802447,1.3356051445007324,,,,,
volkert,400,0.083526888458201,0.00602840264596081,3.2840559482574463,0.14723201678316705,0.03873266895802447,1.8324122428894043,,,,,
volkert,400,0.08369425490063218,0.006137063683201495,3.012282609939575,0.14723201678316705,0.03873266895802447,2.3841733932495117,,,,,
volkert,500,0.07241074365970213,0.00486212047649196,2.941432237625122,0.12047434293643644,0.026664680859977207,4.689075946807861,,,,,
volkert,500,0.07214154513590029,0.004827322012573644,4.020070552825928,0.12047434293643644,0.026664680859977207,7.195122480392456,,,,,
volkert,500,0.07214761961701384,0.004812799063338352,4.421758651733398,0.12047434293643644,0.026664680859977207,2.9979143142700195,,,,,
volkert,500,0.07214017897680812,0.004832437075437006,6.024735689163208,0.12047434293643644,0.026664680859977207,4.6810736656188965,,,,,
volkert,500,0.07133871624424612,0.004727689580090418,6.520484924316406,0.12047434293643644,0.026664680859977207,4.3660569190979,,,,,
volkert,500,0.0717226516837802,0.00472430810332902,5.0981574058532715,0.12047434293643644,0.026664680859977207,3.8195884227752686,,,,,
volkert,500,0.07305901171186795,0.004904754161948218,4.947553396224976,0.12047434293643644,0.026664680859977207,4.615884304046631,,,,,
volkert,500,0.07191562430377162,0.004811547468973504,4.378097057342529,0.12047434293643644,0.026664680859977207,7.021824359893799,,,,,
volkert,500,0.07247483782881566,0.00489987443410658,5.904707908630371,0.12047434293643644,0.026664680859977207,4.893382549285889,,,,,
volkert,500,0.07212176529054068,0.0048350343549067275,4.264762878417969,0.12047434293643644,0.026664680859977207,2.2978525161743164,,,,,
volkert,600,0.06447221677630025,0.004078492181137889,5.000085115432739,0.10361191083253334,0.021631873799929185,3.961232900619507,,,,,
volkert,600,0.0632065951713322,0.0039270191323905685,5.214373826980591,0.10361191083253334,0.021631873799929185,3.6840994358062744,,,,,
volkert,600,0.06349172105494018,0.003950493422487392,7.0003931522369385,0.10361191083253334,0.021631873799929185,5.033447980880737,,,,,
volkert,600,0.0636707812112744,0.003988664051867554,8.180289268493652,0.10361191083253334,0.021631873799929185,5.106173038482666,,,,,
volkert,600,0.06394968090398467,0.0039982027726829595,7.802366733551025,0.10361191083253334,0.021631873799929185,6.12376070022583,,,,,
volkert,600,0.06431554238412002,0.00408181185798104,3.759305000305176,0.10361191083253334,0.021631873799929185,5.192358016967773,,,,,
volkert,600,0.06316633895985511,0.003938104023878511,8.501173496246338,0.10361191083253334,0.021631873799929185,5.843945503234863,,,,,
volkert,600,0.06323439710379468,0.003928322985071018,7.118661880493164,0.10361191083253334,0.021631873799929185,5.001414060592651,,,,,
volkert,600,0.06401736617333768,0.004043594870743314,8.211428165435791,0.10361191083253334,0.021631873799929185,6.791041135787964,,,,,
volkert,600,0.06354610276750776,0.003985356867559154,8.243046283721924,0.10361191083253334,0.021631873799929185,7.857525110244751,,,,,
volkert,700,0.05760796572386032,0.0034625127103708746,9.687997102737427,0.091056502887099,0.018248403863413736,6.4855968952178955,,,,,
volkert,700,0.05725562944361661,0.0033987371868611465,10.66825532913208,0.091056502887099,0.018248403863413736,7.091766357421875,,,,,
volkert,700,0.0570553194023842,0.0034077922480348906,7.513952970504761,0.091056502887099,0.018248403863413736,6.080743789672852,,,,,
volkert,700,0.056598530254429374,0.0033722849498333913,6.480538606643677,0.091056502887099,0.018248403863413736,7.137831687927246,,,,,
volkert,700,0.056858470145108274,0.0033612916767926495,5.625239610671997,0.091056502887099,0.018248403863413736,8.003862142562866,,,,,
volkert,700,0.056285717022338144,0.00328664160811464,6.385117292404175,0.091056502887099,0.018248403863413736,5.190374374389648,,,,,
volkert,700,0.057078461208664714,0.0034176382533678876,7.503198862075806,0.091056502887099,0.018248403863413736,4.526608467102051,,,,,
volkert,700,0.05677506067832629,0.003374676197765507,6.560788631439209,0.091056502887099,0.018248403863413736,4.922502517700195,,,,,
volkert,700,0.05732516691163959,0.003390618617787247,8.29187798500061,0.091056502887099,0.018248403863413736,6.490892171859741,,,,,
volkert,700,0.05650357949221626,0.003303206590293194,8.194780349731445,0.091056502887099,0.018248403863413736,6.06833291053772,,,,,
volkert,800,0.051506736063318605,0.0029076158900268917,12.884321928024292,0.07958080233460398,0.014136012357996414,10.838654041290283,,,,,
volkert,800,0.05159854448180717,0.002897727685791918,13.504886388778687,0.07958080233460398,0.014136012357996414,3.821499824523926,,,,,
volkert,800,0.05139144589116838,0.0028909888741077117,10.578093767166138,0.07958080233460398,0.014136012357996414,9.533521175384521,,,,,
volkert,800,0.05195845696141481,0.0029427188019489586,11.219619750976562,0.07958080233460398,0.014136012357996414,7.916703939437866,,,,,
volkert,800,0.05171183953548756,0.002956680533673239,8.001868486404419,0.07958080233460398,0.014136012357996414,8.540168523788452,,,,,
volkert,800,0.05158763460591104,0.00290964597297865,9.830260276794434,0.07958080233460398,0.014136012357996414,6.36967396736145,,,,,
volkert,800,0.05098207415461615,0.0028508897770044206,7.331139802932739,0.07958080233460398,0.014136012357996414,8.416237354278564,,,,,
volkert,800,0.051386038639549665,0.0029234120789565464,8.610137224197388,0.07958080233460398,0.014136012357996414,7.49319314956665,,,,,
volkert,800,0.05163421122129566,0.002913757319155069,7.45981240272522,0.07958080233460398,0.014136012357996414,7.190910577774048,,,,,
volkert,800,0.05163447938875947,0.0029347033588905977,6.171783208847046,0.07958080233460398,0.014136012357996414,4.537852764129639,,,,,
volkert,900,0.04689464174963445,0.002539585002735246,10.559229612350464,0.06862375364626218,0.010050623727884345,7.796706914901733,,,,,
volkert,900,0.04702097292056175,0.0025620856441420908,7.482010841369629,0.06862375364626218,0.010050623727884345,5.284915208816528,,,,,
volkert,900,0.046449646884960914,0.0025241156791261177,9.716197490692139,0.06862375364626218,0.010050623727884345,4.965610504150391,,,,,
volkert,900,0.04674249644456119,0.002543866956013661,8.550397872924805,0.06862375364626218,0.010050623727884345,4.944427967071533,,,,,
volkert,900,0.04666292531241577,0.0025441286846663107,9.820435285568237,0.06862375364626218,0.010050623727884345,6.830206871032715,,,,,
volkert,900,0.04673082455352902,0.0025275598795929926,7.143213272094727,0.06862375364626218,0.010050623727884345,7.148348808288574,,,,,
volkert,900,0.04691909034611397,0.002545508798736673,7.731328964233398,0.06862375364626218,0.010050623727884345,6.580380439758301,,,,,
volkert,900,0.04677426976667747,0.0025519145178934995,6.79894232749939,0.06862375364626218,0.010050623727884345,6.494031667709351,,,,,
volkert,900,0.046880832547064745,0.0025396595719486314,8.38464617729187,0.06862375364626218,0.010050623727884345,6.854536056518555,,,,,
volkert,900,0.0469711678467758,0.0025691347681682667,8.0213041305542,0.06862375364626218,0.010050623727884345,4.012261152267456,,,,,
volkert,1000,0.042785234606060624,0.0022257569573443095,8.221702098846436,0.06088311578799171,0.008145680388444229,7.536393404006958,,,,,
volkert,1000,0.04278630440718027,0.002231807843008656,8.99305534362793,0.06088311578799171,0.008145680388444229,9.29323697090149,,,,,
volkert,1000,0.043073892631341565,0.0022703072332486717,9.011180639266968,0.06088311578799171,0.008145680388444229,8.365314960479736,,,,,
volkert,1000,0.04323524256882186,0.002307044282006327,9.895934820175171,0.06088311578799171,0.008145680388444229,7.074079513549805,,,,,
volkert,1000,0.043146359722297245,0.0022721236365752283,9.721679449081421,0.06088311578799171,0.008145680388444229,7.38842248916626,,,,,
volkert,1000,0.04296692966601056,0.002255969938863642,10.47992753982544,0.06088311578799171,0.008145680388444229,8.728162050247192,,,,,
volkert,1000,0.0427469018690129,0.0022436813099380743,9.493701457977295,0.06088311578799171,0.008145680388444229,6.400838613510132,,,,,
volkert,1000,0.04342225151153097,0.0022890082928647675,10.614880323410034,0.06088311578799171,0.008145680388444229,6.8489885330200195,,,,,
volkert,1000,0.042814712377474036,0.0022320538787955987,10.296573638916016,0.06088311578799171,0.008145680388444229,8.1800217628479,,,,,
volkert,1000,0.04330356182974095,0.0022875199791300856,8.41665005683899,0.06088311578799171,0.008145680388444229,7.140244483947754,,,,,
creditcard,10,0.433976222077684,0.15642943895464406,0.06714034080505371,0.9986612824968408,0.999957791928218,0.0531313419342041,,,,,
creditcard,10,0.4071625571267833,0.1266711008112997,0.024459123611450195,0.9986612824968408,0.999957791928218,0.030103445053100586,,,,,
creditcard,10,0.39504124095597964,0.1266789593191421,0.04096174240112305,0.9986612824968408,0.999957791928218,0.02673053741455078,,,,,
creditcard,10,0.4032821335660882,0.1352756511164905,0.03610491752624512,0.9986612824968408,0.999957791928218,0.011831283569335938,,,,,
creditcard,10,0.4273768813633507,0.14846302018576285,0.05578470230102539,0.9986612824968408,0.999957791928218,0.07215499877929688,,,,,
creditcard,10,0.42971729496080263,0.13889716632454263,0.073822021484375,0.9986612824968408,0.999957791928218,0.054654836654663086,,,,,
creditcard,10,0.36887494436696583,0.10675971264847049,0.11747264862060547,0.9986612824968408,0.999957791928218,0.06997919082641602,,,,,
creditcard,10,0.39351126275556114,0.12469036646160815,0.1047964096069336,0.9986612824968408,0.999957791928218,0.0767979621887207,,,,,
creditcard,10,0.4031631732505142,0.13114410986887234,0.11120915412902832,0.9986612824968408,0.999957791928218,0.06791162490844727,,,,,
creditcard,10,0.41184361488819266,0.13652311331918027,0.03537178039550781,0.9986612824968408,0.999957791928218,0.03333854675292969,,,,,
creditcard,50,0.1956510836368488,0.03307044853803634,0.3047049045562744,0.9382910420368243,0.9138408212567068,0.15221071243286133,,,,,
creditcard,50,0.19869218252781023,0.035515372288946995,0.18208932876586914,0.9382910420368243,0.9138408212567068,0.18485355377197266,,,,,
creditcard,50,0.1990767142669275,0.035006146050152245,0.18161725997924805,0.9382910420368243,0.9138408212567068,0.11961197853088379,,,,,
creditcard,50,0.20663256438280458,0.04107064101188634,0.5915422439575195,0.9382910420368243,0.9138408212567068,0.2934846878051758,,,,,
creditcard,50,0.20484702460571788,0.037533515992045484,0.5011031627655029,0.9382910420368243,0.9138408212567068,0.6018993854522705,,,,,
creditcard,50,0.20029852027149644,0.03596993582969856,0.4502243995666504,0.9382910420368243,0.9138408212567068,0.6849637031555176,,,,,
creditcard,50,0.1964627430321488,0.03313187584629944,0.5287172794342041,0.9382910420368243,0.9138408212567068,0.4630908966064453,,,,,
creditcard,50,0.19863847639013574,0.03589889521443176,0.44493603706359863,0.9382910420368243,0.9138408212567068,0.40441298484802246,,,,,
creditcard,50,0.1977930415842048,0.03605542011387996,0.3913402557373047,0.9382910420368243,0.9138408212567068,0.34824275970458984,,,,,
creditcard,50,0.2009235473939433,0.03565683460533787,0.45662665367126465,0.9382910420368243,0.9138408212567068,0.30100512504577637,,,,,
creditcard,100,0.14344191111201463,0.01784999457876157,0.8413593769073486,0.6910068178581372,0.5328735246050347,0.6104094982147217,,,,,
creditcard,100,0.14419303721577956,0.018473735061116235,0.8264636993408203,0.6910068178581372,0.5328735246050347,0.5864648818969727,,,,,
creditcard,100,0.14191080056640312,0.017587362072074404,1.018256425857544,0.6910068178581372,0.5328735246050347,0.9397425651550293,,,,,
creditcard,100,0.1440754127802894,0.018256272939347666,1.0826339721679688,0.6910068178581372,0.5328735246050347,0.7601578235626221,,,,,
creditcard,100,0.143583899336439,0.017595233432360857,1.0530078411102295,0.6910068178581372,0.5328735246050347,0.7655630111694336,,,,,
creditcard,100,0.144767436463454,0.018200629969183982,0.9313182830810547,0.6910068178581372,0.5328735246050347,0.7372457981109619,,,,,
creditcard,100,0.14384035294933561,0.017815730580580648,1.125340223312378,0.6910068178581372,0.5328735246050347,0.5704057216644287,,,,,
creditcard,100,0.14793901471873197,0.019214999452973124,0.7006654739379883,0.6910068178581372,0.5328735246050347,0.3992128372192383,,,,,
creditcard,100,0.14280155156758,0.018113740750943987,0.8721530437469482,0.6910068178581372,0.5328735246050347,0.6757669448852539,,,,,
creditcard,100,0.13924696704806386,0.016656922457109348,1.0658323764801025,0.6910068178581372,0.5328735246050347,0.7170979976654053,,,,,
creditcard,200,0.0989444895638113,0.009823581775449102,1.699183464050293,0.41489434649464274,0.22814841859748544,1.2917158603668213,,,,,
creditcard,200,0.09942176775039908,0.00985211718069947,1.5036277770996094,0.41489434649464274,0.22814841859748544,1.511915683746338,,,,,
creditcard,200,0.09912831180894527,0.009738479602701989,2.100271701812744,0.41489434649464274,0.22814841859748544,1.1486268043518066,,,,,
creditcard,200,0.09992868986410025,0.009930903985764817,1.7972261905670166,0.41489434649464274,0.22814841859748544,2.3012278079986572,,,,,
creditcard,200,0.09942484512502195,0.009898270444666514,1.2940988540649414,0.41489434649464274,0.22814841859748544,1.4256205558776855,,,,,
creditcard,200,0.0999895728831033,0.009879547805300365,1.7432568073272705,0.41489434649464274,0.22814841859748544,0.911705493927002,,,,,
creditcard,200,0.10320095114082994,0.010697855469230527,1.2315881252288818,0.41489434649464274,0.22814841859748544,1.1670353412628174,,,,,
creditcard,200,0.10122307047590985,0.010314665473559342,1.4082932472229004,0.41489434649464274,0.22814841859748544,2.026975393295288,,,,,
creditcard,200,0.10351101138515258,0.010900468054368175,2.048722743988037,0.41489434649464274,0.22814841859748544,1.4315171241760254,,,,,
creditcard,200,0.10085026551489336,0.010240812519381998,1.8896000385284424,0.41489434649464274,0.22814841859748544,1.2920334339141846,,,,,
creditcard,300,0.07579599458277117,0.006670310956866008,2.0252716541290283,0.2624402258280032,0.11371774872735012,1.7979907989501953,,,,,
creditcard,300,0.07653167758387046,0.006747504788369064,2.262221574783325,0.2624402258280032,0.11371774872735012,2.615600824356079,,,,,
creditcard,300,0.07589175315417218,0.0066649659078436025,1.3508203029632568,0.2624402258280032,0.11371774872735012,1.0246615409851074,,,,,
creditcard,300,0.07593118328245699,0.006726813179863902,1.4578497409820557,0.2624402258280032,0.11371774872735012,1.2903056144714355,,,,,
creditcard,300,0.07664659089436276,0.006791596139700671,1.182539463043213,0.2624402258280032,0.11371774872735012,2.431642532348633,,,,,
creditcard,300,0.07661236672821738,0.006816043259192897,1.1132330894470215,0.2624402258280032,0.11371774872735012,0.7126896381378174,,,,,
creditcard,300,0.07740903597355496,0.00692347104741941,1.411372184753418,0.2624402258280032,0.11371774872735012,1.2997276782989502,,,,,
creditcard,300,0.07537584317801822,0.006543839259848817,2.0956227779388428,0.2624402258280032,0.11371774872735012,1.8335723876953125,,,,,
creditcard,300,0.0767735562559111,0.006850317597965501,3.132479190826416,0.2624402258280032,0.11371774872735012,1.1921136379241943,,,,,
creditcard,300,0.07670011772252762,0.006781079995197664,1.3642618656158447,0.2624402258280032,0.11371774872735012,0.738713264465332,,,,,
creditcard,400,0.061884583100266205,0.00513732915316936,1.5470812320709229,0.17710871538599376,0.06211790674126303,2.0149893760681152,,,,,
creditcard,400,0.06177489333812305,0.005008641666877101,3.0461385250091553,0.17710871538599376,0.06211790674126303,2.6661787033081055,,,,,
creditcard,400,0.06067935784337169,0.00479068904728026,2.9335711002349854,0.17710871538599376,0.06211790674126303,2.703991174697876,,,,,
creditcard,400,0.061730089075680256,0.005050898761155666,1.9415884017944336,0.17710871538599376,0.06211790674126303,1.5211539268493652,,,,,
creditcard,400,0.061362239346824415,0.004905311121086138,2.735931873321533,0.17710871538599376,0.06211790674126303,1.575880527496338,,,,,
creditcard,400,0.06207602741471881,0.005125254227561118,2.196481227874756,0.17710871538599376,0.06211790674126303,2.1308798789978027,,,,,
creditcard,400,0.060881603649713394,0.0049757937437286525,2.797559976577759,0.17710871538599376,0.06211790674126303,1.9768078327178955,,,,,
creditcard,400,0.06288192148954015,0.005241653710895308,2.389305591583252,0.17710871538599376,0.06211790674126303,2.6623480319976807,,,,,
creditcard,400,0.06170958351136037,0.005000568890000083,1.7873597145080566,0.17710871538599376,0.06211790674126303,1.5839850902557373,,,,,
creditcard,400,0.06161926402321693,0.005078360984116542,2.464247703552246,0.17710871538599376,0.06211790674126303,2.7486627101898193,,,,,
creditcard,500,0.050991830960357636,0.003892443084603843,4.778970956802368,0.13231421191181988,0.04256591868583734,4.401229619979858,,,,,
creditcard,500,0.05098426302572881,0.003901073839430431,2.570751428604126,0.13231421191181988,0.04256591868583734,2.5087735652923584,,,,,
creditcard,500,0.05125334699052973,0.003995312274956607,2.4570424556732178,0.13231421191181988,0.04256591868583734,3.0345115661621094,,,,,
creditcard,500,0.051000816686628606,0.0039527736344016256,2.9740006923675537,0.13231421191181988,0.04256591868583734,2.3759186267852783,,,,,
creditcard,500,0.05161215671429253,0.0040078475216587936,4.651939868927002,0.13231421191181988,0.04256591868583734,3.0248422622680664,,,,,
creditcard,500,0.05082875147339745,0.0038519368350562475,3.2570409774780273,0.13231421191181988,0.04256591868583734,1.9407787322998047,,,,,
creditcard,500,0.05066217109158772,0.0038907636688731984,3.0367271900177,0.13231421191181988,0.04256591868583734,2.322920560836792,,,,,
creditcard,500,0.05087627512484887,0.0038449523419262165,3.966212272644043,0.13231421191181988,0.04256591868583734,3.3955209255218506,,,,,
creditcard,500,0.0509558642718398,0.0038720550050492363,3.4745590686798096,0.13231421191181988,0.04256591868583734,1.8576791286468506,,,,,
creditcard,500,0.0510972588696274,0.0039052215383119033,2.768047571182251,0.13231421191181988,0.04256591868583734,2.900644302368164,,,,,
creditcard,600,0.04329757177720169,0.003226448971003238,3.6158480644226074,0.10436073401920153,0.03287923816207408,3.321988344192505,,,,,
creditcard,600,0.042828193660020324,0.003193456511502799,4.516599178314209,0.10436073401920153,0.03287923816207408,2.222461700439453,,,,,
creditcard,600,0.042993420289142714,0.0032109453649564524,2.9277491569519043,0.10436073401920153,0.03287923816207408,3.6073482036590576,,,,,
creditcard,600,0.0423373766379666,0.003098545986149095,3.868753671646118,0.10436073401920153,0.03287923816207408,3.294891357421875,,,,,
creditcard,600,0.04284560904384584,0.0031703101749873527,5.609917879104614,0.10436073401920153,0.03287923816207408,3.624699115753174,,,,,
creditcard,600,0.042826360138424995,0.003182823260998616,2.9832165241241455,0.10436073401920153,0.03287923816207408,2.798271656036377,,,,,
creditcard,600,0.04382103666736309,0.0032687865930796627,3.3720901012420654,0.10436073401920153,0.03287923816207408,2.6098737716674805,,,,,
creditcard,600,0.04293133690176954,0.003193933247048626,3.5780184268951416,0.10436073401920153,0.03287923816207408,4.025011777877808,,,,,
creditcard,600,0.04286492982821579,0.0031216690622124094,3.025285005569458,0.10436073401920153,0.03287923816207408,2.5623016357421875,,,,,
creditcard,600,0.043224048662082064,0.0031863364111071606,3.285033702850342,0.10436073401920153,0.03287923816207408,3.4947211742401123,,,,,
creditcard,700,0.03635551367058574,0.002614566269151483,4.103050231933594,0.08194848659346024,0.023894915317993384,4.8971476554870605,,,,,
creditcard,700,0.036916135337043535,0.0026279682719301664,5.061571836471558,0.08194848659346024,0.023894915317993384,4.255810499191284,,,,,
creditcard,700,0.03728367618926065,0.0027366626502114758,3.0960748195648193,0.08194848659346024,0.023894915317993384,4.5045247077941895,,,,,
creditcard,700,0.03704114206909283,0.0026441851080008395,4.71614408493042,0.08194848659346024,0.023894915317993384,2.5099658966064453,,,,,
creditcard,700,0.03659846232166185,0.0026414384263618008,4.207920789718628,0.08194848659346024,0.023894915317993384,5.267048120498657,,,,,
creditcard,700,0.036861109469624447,0.0026441435923142452,3.4829816818237305,0.08194848659346024,0.023894915317993384,2.7350072860717773,,,,,
creditcard,700,0.03684572288933029,0.002645349081652178,5.675424337387085,0.08194848659346024,0.023894915317993384,4.099325895309448,,,,,
creditcard,700,0.03672303684526265,0.002665554256457718,4.961302280426025,0.08194848659346024,0.023894915317993384,4.107874870300293,,,,,
creditcard,700,0.03719956828616839,0.002677386520342298,3.6117451190948486,0.08194848659346024,0.023894915317993384,3.8691678047180176,,,,,
creditcard,700,0.03678618572002508,0.002625368947994455,5.542376518249512,0.08194848659346024,0.023894915317993384,4.043767929077148,,,,,
creditcard,800,0.031796441323683367,0.002262123380137017,4.425228834152222,0.0653105643706315,0.01768677197360015,5.381457805633545,,,,,
creditcard,800,0.03171197612398996,0.002233802020491573,4.224428176879883,0.0653105643706315,0.01768677197360015,5.377778053283691,,,,,
creditcard,800,0.03164441704258424,0.002232918114511677,6.172256946563721,0.0653105643706315,0.01768677197360015,5.679893255233765,,,,,
creditcard,800,0.031227562205386708,0.002202432366509236,5.512347221374512,0.0653105643706315,0.01768677197360015,4.390930414199829,,,,,
creditcard,800,0.03073645507861141,0.0021689576786377775,5.045056104660034,0.0653105643706315,0.01768677197360015,3.6566174030303955,,,,,
creditcard,800,0.03214569450720015,0.0022869261492439842,4.986936569213867,0.0653105643706315,0.01768677197360015,4.147011756896973,,,,,
creditcard,800,0.031405625916319124,0.002214515304823609,5.797701120376587,0.0653105643706315,0.01768677197360015,4.1183085441589355,,,,,
creditcard,800,0.030855289853223392,0.002156732204518943,6.905077695846558,0.0653105643706315,0.01768677197360015,4.268046855926514,,,,,
creditcard,800,0.031149898469202925,0.0021905757459843253,4.611355543136597,0.0653105643706315,0.01768677197360015,2.6378445625305176,,,,,
creditcard,800,0.03139862195458061,0.0022272198234194714,5.998971223831177,0.0653105643706315,0.01768677197360015,3.7769815921783447,,,,,
creditcard,900,0.026768273654282068,0.0018602696738669621,5.765913009643555,0.0526254969779838,0.013695539318315695,4.314494371414185,,,,,
creditcard,900,0.026725700096947184,0.0018569333095593363,7.727430105209351,0.0526254969779838,0.013695539318315695,3.8028266429901123,,,,,
creditcard,900,0.026572992016671834,0.0018476000419347977,6.004497051239014,0.0526254969779838,0.013695539318315695,3.9669711589813232,,,,,
creditcard,900,0.026776693530749476,0.0018614416485560005,7.347788095474243,0.0526254969779838,0.013695539318315695,3.9380555152893066,,,,,
creditcard,900,0.026415846868801326,0.0018171145880607502,6.29607629776001,0.0526254969779838,0.013695539318315695,3.517770290374756,,,,,
creditcard,900,0.027348147088114023,0.0019106210927428288,6.073774337768555,0.0526254969779838,0.013695539318315695,4.781919717788696,,,,,
creditcard,900,0.02718321619389235,0.001903101607154401,4.931626796722412,0.0526254969779838,0.013695539318315695,5.297887325286865,,,,,
creditcard,900,0.026935571580763134,0.0018710145550687911,6.542640447616577,0.0526254969779838,0.013695539318315695,5.320818662643433,,,,,
creditcard,900,0.02657527616989754,0.0018424546556765657,6.125592947006226,0.0526254969779838,0.013695539318315695,5.1071555614471436,,,,,
creditcard,900,0.027114699080917366,0.0018802897272783043,5.413954973220825,0.0526254969779838,0.013695539318315695,5.643994569778442,,,,,
creditcard,1000,0.023545904904091183,0.0016245953762497182,7.617600679397583,0.04359583187575345,0.010362206105346885,6.3609068393707275,,,,,
creditcard,1000,0.023194783225692208,0.0015927567333662413,7.228686332702637,0.04359583187575345,0.010362206105346885,5.614439249038696,,,,,
creditcard,1000,0.02340413913610681,0.0016111350858071833,8.565035820007324,0.04359583187575345,0.010362206105346885,5.229530334472656,,,,,
creditcard,1000,0.023172399218399056,0.001594383815459633,6.444286823272705,0.04359583187575345,0.010362206105346885,5.621073007583618,,,,,
creditcard,1000,0.023446811419737798,0.001616194093891163,6.681015491485596,0.04359583187575345,0.010362206105346885,5.597989320755005,,,,,
creditcard,1000,0.023175678918748582,0.00158169879892386,6.762154817581177,0.04359583187575345,0.010362206105346885,4.689574480056763,,,,,
creditcard,1000,0.023619496441429338,0.001630156501784258,8.457269668579102,0.04359583187575345,0.010362206105346885,6.014455080032349,,,,,
creditcard,1000,0.023404252845886153,0.0016103259498043282,5.27186393737793,0.04359583187575345,0.010362206105346885,7.2002646923065186,,,,,
creditcard,1000,0.023183761103967793,0.0016056031638400413,7.074152231216431,0.04359583187575345,0.010362206105346885,4.087570667266846,,,,,
creditcard,1000,0.02329025688440019,0.0016055312983443476,7.560467004776001,0.04359583187575345,0.010362206105346885,5.075080871582031,,,,,
hls4ml_lhc_jets_hlf,10,0.17440472944559854,0.10569806112625384,0.03127479553222656,0.449009736196722,0.38205273144301083,0.012578487396240234,,,,,
hls4ml_lhc_jets_hlf,10,0.1524000466522238,0.07808780408348855,0.02496170997619629,0.449009736196722,0.38205273144301083,0.01081538200378418,,,,,
hls4ml_lhc_jets_hlf,10,0.1447415582385221,0.07198076961353903,0.054780006408691406,0.449009736196722,0.38205273144301083,0.029828310012817383,,,,,
hls4ml_lhc_jets_hlf,10,0.1387919319694914,0.06677127076042713,0.06204819679260254,0.449009736196722,0.38205273144301083,0.031683921813964844,,,,,
hls4ml_lhc_jets_hlf,10,0.20338925670911687,0.137159820626937,0.03389167785644531,0.449009736196722,0.38205273144301083,0.010909318923950195,,,,,
hls4ml_lhc_jets_hlf,10,0.16064406320408242,0.08535573517375154,0.027910709381103516,0.449009736196722,0.38205273144301083,0.03997683525085449,,,,,
hls4ml_lhc_jets_hlf,10,0.1685193303164979,0.09256967105062361,0.057204246520996094,0.449009736196722,0.38205273144301083,0.03256630897521973,,,,,
hls4ml_lhc_jets_hlf,10,0.16495479605243699,0.08896969212223746,0.040816545486450195,0.449009736196722,0.38205273144301083,0.023022174835205078,,,,,
hls4ml_lhc_jets_hlf,10,0.1646798600675052,0.09300783548867124,0.02138662338256836,0.449009736196722,0.38205273144301083,0.009961128234863281,,,,,
hls4ml_lhc_jets_hlf,10,0.1547969746246012,0.07776209518392142,0.0438387393951416,0.449009736196722,0.38205273144301083,0.014507532119750977,,,,,
hls4ml_lhc_jets_hlf,50,0.027467608419874032,0.008683816955284132,0.24823737144470215,0.08032819349509855,0.04784652661638463,0.0928196907043457,,,,,
hls4ml_lhc_jets_hlf,50,0.02533789214029152,0.00839931554444178,0.11235523223876953,0.08032819349509855,0.04784652661638463,0.07058334350585938,,,,,
hls4ml_lhc_jets_hlf,50,0.024758349459036794,0.007336628325931312,0.17407464981079102,0.08032819349509855,0.04784652661638463,0.0919194221496582,,,,,
hls4ml_lhc_jets_hlf,50,0.022842194986170752,0.006430931961845207,0.1288914680480957,0.08032819349509855,0.04784652661638463,0.07288122177124023,,,,,
hls4ml_lhc_jets_hlf,50,0.025303220408332362,0.00772998416228032,0.11818695068359375,0.08032819349509855,0.04784652661638463,0.11226487159729004,,,,,
hls4ml_lhc_jets_hlf,50,0.02438897743347047,0.007378338816598851,0.23557233810424805,0.08032819349509855,0.04784652661638463,0.15648674964904785,,,,,
hls4ml_lhc_jets_hlf,50,0.02816263860408792,0.009333252611419053,0.31594133377075195,0.08032819349509855,0.04784652661638463,0.26663899421691895,,,,,
hls4ml_lhc_jets_hlf,50,0.024023956751746896,0.007116498852913952,0.5086708068847656,0.08032819349509855,0.04784652661638463,0.07871842384338379,,,,,
hls4ml_lhc_jets_hlf,50,0.02660133316982051,0.008216069515072063,0.20679211616516113,0.08032819349509855,0.04784652661638463,0.1414027214050293,,,,,
hls4ml_lhc_jets_hlf,50,0.02647772134114247,0.00841697482675014,0.1627035140991211,0.08032819349509855,0.04784652661638463,0.11680078506469727,,,,,
hls4ml_lhc_jets_hlf,100,0.008569482684901,0.001954975034653246,0.3034341335296631,0.02469959720255734,0.011917356742879224,0.5029804706573486,,,,,
hls4ml_lhc_jets_hlf,100,0.009018244992298946,0.002150258982376336,0.8645861148834229,0.02469959720255734,0.011917356742879224,0.22435355186462402,,,,,
hls4ml_lhc_jets_hlf,100,0.00986216227153596,0.0026161350148260184,0.6822810173034668,0.02469959720255734,0.011917356742879224,0.7231686115264893,,,,,
hls4ml_lhc_jets_hlf,100,0.008884002692623315,0.0021377254121888087,0.5946035385131836,0.02469959720255734,0.011917356742879224,0.24554705619812012,,,,,
hls4ml_lhc_jets_hlf,100,0.00896577212143754,0.002097295517204402,1.250199556350708,0.02469959720255734,0.011917356742879224,0.37023329734802246,,,,,
hls4ml_lhc_jets_hlf,100,0.00895686071438958,0.0021809331741582277,0.44113850593566895,0.02469959720255734,0.011917356742879224,0.3256103992462158,,,,,
hls4ml_lhc_jets_hlf,100,0.009253381560382051,0.002265982849694585,0.37640810012817383,0.02469959720255734,0.011917356742879224,0.3285539150238037,,,,,
hls4ml_lhc_jets_hlf,100,0.008367114587945632,0.0019082040541163654,0.3174316883087158,0.02469959720255734,0.011917356742879224,0.7021880149841309,,,,,
hls4ml_lhc_jets_hlf,100,0.009095173523190328,0.00227623391283186,0.5768959522247314,0.02469959720255734,0.011917356742879224,0.375760555267334,,,,,
hls4ml_lhc_jets_hlf,100,0.008123492544259833,0.0017935990402098319,0.36568450927734375,0.02469959720255734,0.011917356742879224,0.19439244270324707,,,,,
hls4ml_lhc_jets_hlf,200,0.0025995153122703877,0.00048215017478519254,0.6121032238006592,0.005885146082464895,0.0020700046912532385,0.4035816192626953,,,,,
hls4ml_lhc_jets_hlf,200,0.0026729955804189963,0.0005028870164935027,0.7353308200836182,0.005885146082464895,0.0020700046912532385,0.7044563293457031,,,,,
hls4ml_lhc_jets_hlf,200,0.0025908623152340114,0.00047327040497061984,0.9354021549224854,0.005885146082464895,0.0020700046912532385,0.9927473068237305,,,,,
hls4ml_lhc_jets_hlf,200,0.0026386837769662055,0.0004979587834314817,1.704761266708374,0.005885146082464895,0.0020700046912532385,0.7358155250549316,,,,,
hls4ml_lhc_jets_hlf,200,0.0025957702404772794,0.0004884946003627807,0.8849401473999023,0.005885146082464895,0.0020700046912532385,0.8414065837860107,,,,,
hls4ml_lhc_jets_hlf,200,0.0025483829702157425,0.0004816659383070514,0.9611771106719971,0.005885146082464895,0.0020700046912532385,0.5479922294616699,,,,,
hls4ml_lhc_jets_hlf,200,0.0025237779611274997,0.00045640772860594195,2.568336248397827,0.005885146082464895,0.0020700046912532385,0.4274318218231201,,,,,
hls4ml_lhc_jets_hlf,200,0.0026793025200836434,0.0005150189523582642,0.8258025646209717,0.005885146082464895,0.0020700046912532385,0.7739982604980469,,,,,
hls4ml_lhc_jets_hlf,200,0.002584793047836554,0.000474184708140219,0.993398904800415,0.005885146082464895,0.0020700046912532385,0.3455355167388916,,,,,
hls4ml_lhc_jets_hlf,200,0.0025597390892022763,0.00047571656310076377,1.031407117843628,0.005885146082464895,0.0020700046912532385,1.1520254611968994,,,,,
hls4ml_lhc_jets_hlf,300,0.0010897175817130835,0.00017057247487657732,1.1919691562652588,0.0022422991193450617,0.0006573971941952664,1.3526513576507568,,,,,
hls4ml_lhc_jets_hlf,300,0.0011554399410515779,0.00019092171867015302,1.5338795185089111,0.0022422991193450617,0.0006573971941952664,1.7136168479919434,,,,,
hls4ml_lhc_jets_hlf,300,0.0011361734527953757,0.00018780281422539567,1.3086562156677246,0.0022422991193450617,0.0006573971941952664,2.796353578567505,,,,,
hls4ml_lhc_jets_hlf,300,0.0011064685076799922,0.00017815679620593073,1.526383876800537,0.0022422991193450617,0.0006573971941952664,2.0908820629119873,,,,,
hls4ml_lhc_jets_hlf,300,0.001177240935525276,0.00019734150382100243,2.0920209884643555,0.0022422991193450617,0.0006573971941952664,2.047316789627075,,,,,
hls4ml_lhc_jets_hlf,300,0.001135185126654109,0.00018912531217480603,1.4612836837768555,0.0022422991193450617,0.0006573971941952664,2.565558433532715,,,,,
hls4ml_lhc_jets_hlf,300,0.0011340025519342972,0.00018499702328172172,1.7554478645324707,0.0022422991193450617,0.0006573971941952664,1.1773853302001953,,,,,
hls4ml_lhc_jets_hlf,300,0.00108133956940196,0.00017269374212298307,1.0455260276794434,0.0022422991193450617,0.0006573971941952664,0.7735447883605957,,,,,
hls4ml_lhc_jets_hlf,300,0.001135849257241224,0.00018483647763382826,1.4773902893066406,0.0022422991193450617,0.0006573971941952664,2.013730525970459,,,,,
hls4ml_lhc_jets_hlf,300,0.0011743172957800337,0.0001953564146527974,1.794234275817871,0.0022422991193450617,0.0006573971941952664,2.1726720333099365,,,,,
hls4ml_lhc_jets_hlf,400,0.0005716599381063476,8.27094010995643e-05,1.839217185974121,0.0010851156634099847,0.00029247726538600356,1.2920310497283936,,,,,
hls4ml_lhc_jets_hlf,400,0.0005628600232703502,8.103520386682133e-05,2.1803243160247803,0.0010851156634099847,0.00029247726538600356,1.5294065475463867,,,,,
hls4ml_lhc_jets_hlf,400,0.0005774857756526575,8.401108103987455e-05,3.278045892715454,0.0010851156634099847,0.00029247726538600356,2.260345458984375,,,,,
hls4ml_lhc_jets_hlf,400,0.0005673471566366238,8.127818770621963e-05,1.9035780429840088,0.0010851156634099847,0.00029247726538600356,2.005920171737671,,,,,
hls4ml_lhc_jets_hlf,400,0.0005635057635623806,8.160048449708774e-05,2.144148111343384,0.0010851156634099847,0.00029247726538600356,2.4560136795043945,,,,,
hls4ml_lhc_jets_hlf,400,0.000555771787459381,8.071389955132687e-05,2.026280164718628,0.0010851156634099847,0.00029247726538600356,1.407358169555664,,,,,
hls4ml_lhc_jets_hlf,400,0.0005806244828540487,8.555749303577434e-05,2.2465362548828125,0.0010851156634099847,0.00029247726538600356,1.758488416671753,,,,,
hls4ml_lhc_jets_hlf,400,0.0005934721996779234,8.799736237600953e-05,2.4714748859405518,0.0010851156634099847,0.00029247726538600356,2.707993745803833,,,,,
hls4ml_lhc_jets_hlf,400,0.0005852992887089129,8.558945131638334e-05,2.0710830688476562,0.0010851156634099847,0.00029247726538600356,1.5979716777801514,,,,,
hls4ml_lhc_jets_hlf,400,0.0005876810423322631,8.656232113401129e-05,2.064638137817383,0.0010851156634099847,0.00029247726538600356,1.3302357196807861,,,,,
hls4ml_lhc_jets_hlf,500,0.00032172700577078343,4.310932709298594e-05,3.2332875728607178,0.0005819365302527394,0.0001477388858961553,3.694751501083374,,,,,
hls4ml_lhc_jets_hlf,500,0.00033043173904534094,4.4342287141397034e-05,3.581465721130371,0.0005819365302527394,0.0001477388858961553,3.088714838027954,,,,,
hls4ml_lhc_jets_hlf,500,0.0003296652650283927,4.5306573105378864e-05,2.7955667972564697,0.0005819365302527394,0.0001477388858961553,1.835402250289917,,,,,
hls4ml_lhc_jets_hlf,500,0.0003305373984938506,4.5434760392977444e-05,2.7660834789276123,0.0005819365302527394,0.0001477388858961553,2.6982860565185547,,,,,
hls4ml_lhc_jets_hlf,500,0.00033171176685567124,4.4562032939034636e-05,2.2491023540496826,0.0005819365302527394,0.0001477388858961553,2.6302788257598877,,,,,
hls4ml_lhc_jets_hlf,500,0.00031482551282159435,4.21520438638859e-05,3.6402318477630615,0.0005819365302527394,0.0001477388858961553,3.8167710304260254,,,,,
hls4ml_lhc_jets_hlf,500,0.00032605004392132663,4.38216014875547e-05,2.3362016677856445,0.0005819365302527394,0.0001477388858961553,1.882631540298462,,,,,
hls4ml_lhc_jets_hlf,500,0.0003277023459512945,4.445191228254389e-05,2.608189582824707,0.0005819365302527394,0.0001477388858961553,2.5578601360321045,,,,,
hls4ml_lhc_jets_hlf,500,0.00032543632273163175,4.3863536465419515e-05,2.9484989643096924,0.0005819365302527394,0.0001477388858961553,2.4337828159332275,,,,,
hls4ml_lhc_jets_hlf,500,0.0003247148975461215,4.363585439884829e-05,2.594730854034424,0.0005819365302527394,0.0001477388858961553,2.1382253170013428,,,,,
hls4ml_lhc_jets_hlf,600,0.00020201527324126362,2.5450442492010686e-05,4.761713743209839,0.00033396062480860254,7.544468026849367e-05,2.400400400161743,,,,,
hls4ml_lhc_jets_hlf,600,0.00020158639679547345,2.5596739315639413e-05,3.2408230304718018,0.00033396062480860254,7.544468026849367e-05,2.82846999168396,,,,,
hls4ml_lhc_jets_hlf,600,0.0002097215456240635,2.7061050059014145e-05,4.1528449058532715,0.00033396062480860254,7.544468026849367e-05,2.4048097133636475,,,,,
hls4ml_lhc_jets_hlf,600,0.00020131754689327482,2.575041579239898e-05,4.912132024765015,0.00033396062480860254,7.544468026849367e-05,2.698016881942749,,,,,
hls4ml_lhc_jets_hlf,600,0.00020128600969081178,2.5450549360289415e-05,2.904496192932129,0.00033396062480860254,7.544468026849367e-05,5.657415390014648,,,,,
hls4ml_lhc_jets_hlf,600,0.0002029181707467472,2.574925594589219e-05,4.883393049240112,0.00033396062480860254,7.544468026849367e-05,4.35462498664856,,,,,
hls4ml_lhc_jets_hlf,600,0.000202173869690111,2.5797125606114747e-05,2.5841071605682373,0.00033396062480860254,7.544468026849367e-05,3.565855026245117,,,,,
hls4ml_lhc_jets_hlf,600,0.00019908722521451346,2.5059608879559512e-05,3.4359052181243896,0.00033396062480860254,7.544468026849367e-05,5.372694253921509,,,,,
hls4ml_lhc_jets_hlf,600,0.00020737136026655598,2.6695277907260184e-05,5.642070055007935,0.00033396062480860254,7.544468026849367e-05,4.456899881362915,,,,,
hls4ml_lhc_jets_hlf,600,0.00020365429929968136,2.61905093833137e-05,4.407473087310791,0.00033396062480860254,7.544468026849367e-05,2.5133309364318848,,,,,
hls4ml_lhc_jets_hlf,700,0.00012969181279742447,1.5585267396154654e-05,6.679895401000977,0.00021417891571432195,4.7066766705794007e-05,3.7343883514404297,,,,,
hls4ml_lhc_jets_hlf,700,0.00012969940675319996,1.55445358485151e-05,4.458780288696289,0.00021417891571432195,4.7066766705794007e-05,4.551090478897095,,,,,
hls4ml_lhc_jets_hlf,700,0.00013440979703669448,1.6279540871855358e-05,4.1457765102386475,0.00021417891571432195,4.7066766705794007e-05,5.468046188354492,,,,,
hls4ml_lhc_jets_hlf,700,0.00012991149893521335,1.5572382110614803e-05,3.284257650375366,0.00021417891571432195,4.7066766705794007e-05,4.099101543426514,,,,,
hls4ml_lhc_jets_hlf,700,0.00012932832196427388,1.558422892275282e-05,4.1318018436431885,0.00021417891571432195,4.7066766705794007e-05,2.7880475521087646,,,,,
hls4ml_lhc_jets_hlf,700,0.0001310631802699159,1.5918169989241205e-05,4.721725940704346,0.00021417891571432195,4.7066766705794007e-05,2.6326467990875244,,,,,
hls4ml_lhc_jets_hlf,700,0.00013272252024479784,1.606171614014281e-05,4.500752925872803,0.00021417891571432195,4.7066766705794007e-05,3.2320058345794678,,,,,
hls4ml_lhc_jets_hlf,700,0.00013169466462892957,1.594650702857019e-05,4.424446105957031,0.00021417891571432195,4.7066766705794007e-05,3.281710624694824,,,,,
hls4ml_lhc_jets_hlf,700,0.00013547574754042737,1.6718475093848812e-05,3.3341550827026367,0.00021417891571432195,4.7066766705794007e-05,5.86381196975708,,,,,
hls4ml_lhc_jets_hlf,700,0.00013056325288530638,1.589201948874334e-05,3.6866531372070312,0.00021417891571432195,4.7066766705794007e-05,3.292236804962158,,,,,
hls4ml_lhc_jets_hlf,800,8.801574073803138e-05,1.007485677430273e-05,5.474725008010864,0.0001411132420748002,3.017147930241782e-05,3.03299617767334,,,,,
hls4ml_lhc_jets_hlf,800,8.836246707054968e-05,1.0233353294755059e-05,5.863028526306152,0.0001411132420748002,3.017147930241782e-05,3.2584826946258545,,,,,
hls4ml_lhc_jets_hlf,800,8.873622197841823e-05,1.023297234467299e-05,4.927979946136475,0.0001411132420748002,3.017147930241782e-05,4.111013650894165,,,,,
hls4ml_lhc_jets_hlf,800,8.653234383158513e-05,9.932786644926738e-06,4.651822090148926,0.0001411132420748002,3.017147930241782e-05,5.328107118606567,,,,,
hls4ml_lhc_jets_hlf,800,8.886362083557116e-05,1.0369665886521296e-05,4.270777702331543,0.0001411132420748002,3.017147930241782e-05,3.8220369815826416,,,,,
hls4ml_lhc_jets_hlf,800,8.843372856461494e-05,1.0244165687761263e-05,4.716266632080078,0.0001411132420748002,3.017147930241782e-05,4.299609184265137,,,,,
hls4ml_lhc_jets_hlf,800,8.918799935423267e-05,1.0237528723149235e-05,5.345365762710571,0.0001411132420748002,3.017147930241782e-05,4.853873252868652,,,,,
hls4ml_lhc_jets_hlf,800,8.944152683690238e-05,1.0276662552731713e-05,4.554172039031982,0.0001411132420748002,3.017147930241782e-05,3.7989962100982666,,,,,
hls4ml_lhc_jets_hlf,800,9.033131723029562e-05,1.0525683820232015e-05,5.733728647232056,0.0001411132420748002,3.017147930241782e-05,3.751739740371704,,,,,
hls4ml_lhc_jets_hlf,800,8.966709953834677e-05,1.0507409818411053e-05,6.855713844299316,0.0001411132420748002,3.017147930241782e-05,3.2653772830963135,,,,,
hls4ml_lhc_jets_hlf,900,6.147471249339062e-05,6.7753525819027205e-06,6.225742340087891,9.538977982775004e-05,1.928884746831486e-05,6.068194389343262,,,,,
hls4ml_lhc_jets_hlf,900,6.236150802546427e-05,6.8960011084920464e-06,7.479609251022339,9.538977982775004e-05,1.928884746831486e-05,5.960007429122925,,,,,
hls4ml_lhc_jets_hlf,900,6.248053986612076e-05,6.880915268971814e-06,6.465153455734253,9.538977982775004e-05,1.928884746831486e-05,4.382341384887695,,,,,
hls4ml_lhc_jets_hlf,900,6.14052153811337e-05,6.829385893101127e-06,8.847737073898315,9.538977982775004e-05,1.928884746831486e-05,5.023991107940674,,,,,
hls4ml_lhc_jets_hlf,900,6.242017216786356e-05,6.945964782109574e-06,7.571124792098999,9.538977982775004e-05,1.928884746831486e-05,4.392628908157349,,,,,
hls4ml_lhc_jets_hlf,900,6.200227409073438e-05,6.850315867599275e-06,6.123381853103638,9.538977982775004e-05,1.928884746831486e-05,5.513888835906982,,,,,
hls4ml_lhc_jets_hlf,900,6.147360534292741e-05,6.8028490749285525e-06,5.4030234813690186,9.538977982775004e-05,1.928884746831486e-05,3.505817413330078,,,,,
hls4ml_lhc_jets_hlf,900,6.146166160827378e-05,6.786391270860422e-06,7.293638229370117,9.538977982775004e-05,1.928884746831486e-05,5.391560316085815,,,,,
hls4ml_lhc_jets_hlf,900,6.261689982563674e-05,7.050764993768865e-06,6.0683581829071045,9.538977982775004e-05,1.928884746831486e-05,5.620698928833008,,,,,
hls4ml_lhc_jets_hlf,900,6.299763124228745e-05,7.142453590068178e-06,4.988641738891602,9.538977982775004e-05,1.928884746831486e-05,6.339147090911865,,,,,
hls4ml_lhc_jets_hlf,1000,4.490324854426961e-05,4.801631142517467e-06,6.94582724571228,6.623923940506351e-05,1.2723363302935431e-05,5.464425325393677,,,,,
hls4ml_lhc_jets_hlf,1000,4.368415237788324e-05,4.629169075633462e-06,6.598245859146118,6.623923940506351e-05,1.2723363302935431e-05,5.019821643829346,,,,,
hls4ml_lhc_jets_hlf,1000,4.4669113403807756e-05,4.806576590150223e-06,7.892639398574829,6.623923940506351e-05,1.2723363302935431e-05,4.144760370254517,,,,,
hls4ml_lhc_jets_hlf,1000,4.418742863733524e-05,4.764776760126742e-06,7.108768463134766,6.623923940506351e-05,1.2723363302935431e-05,6.535707712173462,,,,,
hls4ml_lhc_jets_hlf,1000,4.42545118025095e-05,4.756751322200766e-06,6.509572505950928,6.623923940506351e-05,1.2723363302935431e-05,4.263909578323364,,,,,
hls4ml_lhc_jets_hlf,1000,4.4024516113198766e-05,4.695011423329512e-06,7.338639974594116,6.623923940506351e-05,1.2723363302935431e-05,3.8399641513824463,,,,,
hls4ml_lhc_jets_hlf,1000,4.449161422091543e-05,4.762921344802768e-06,6.911626100540161,6.623923940506351e-05,1.2723363302935431e-05,4.60489559173584,,,,,
hls4ml_lhc_jets_hlf,1000,4.4319424867559246e-05,4.762385810778207e-06,8.00562596321106,6.623923940506351e-05,1.2723363302935431e-05,5.931357145309448,,,,,
hls4ml_lhc_jets_hlf,1000,4.47762502009893e-05,4.837244389435438e-06,7.9909820556640625,6.623923940506351e-05,1.2723363302935431e-05,6.64528489112854,,,,,
hls4ml_lhc_jets_hlf,1000,4.384974440937092e-05,4.637295049393031e-06,5.396974325180054,6.623923940506351e-05,1.2723363302935431e-05,8.620397567749023,,,,,
